"trip.number","trap.number","crab.number","carapace.width","chela.height.right","shell.condition","durometer"
3,3,1,126,31,3,78
3,3,2,118,31,3,78
3,3,3,116,30,3,68
3,3,4,110,24,3,70
3,3,5,126,31,3,72
3,3,6,121,29,3,72
3,3,7,89,19,3,80
3,3,8,93,19,3,78
3,3,9,123,32,3,70
3,3,10,127,35,3,70
3,3,11,120,30,3,72
3,3,12,128,32,3,80
3,3,13,105,23,3,80
3,3,14,108,27,3,80
3,3,15,124,36,3,70
3,3,16,124,34,3,78
3,3,17,116,31,3,78
3,3,18,126,32,3,80
3,3,19,90,19,3,78
3,3,20,80,12,3,70
3,3,21,107,25,3,68
3,3,22,100,21,3,80
3,3,23,98,21,3,72
3,3,24,101,21,3,70
3,3,25,122,27,3,72
3,3,26,76,12,3,70
3,3,27,121,29,3,72
3,3,28,105,21,3,68
3,3,29,106,21,3,70
3,3,30,127,31,3,72
3,3,31,117,28,3,70
3,3,32,122,26,3,72
3,3,33,115,27,3,78
3,3,34,106,23,3,72
3,3,35,118,29,3,78
3,3,36,113,26,3,72
3,3,37,98,21,3,70
3,3,38,105,22,3,78
3,3,39,108,24,3,72
3,3,40,106,26,3,72
1,1,1,76,15,2,40
1,1,2,90,16,2,60
1,1,3,110,20,2,90
1,1,4,79,10,2,45
1,1,5,110,22,2,80
1,1,6,96,20,2,98
1,1,7,111,21,2,55
1,1,8,115,21,2,45
1,1,9,90,15,2,31
1,1,10,92,15,2,55
1,1,11,118,28,2,50
1,1,12,118,22,2,68
1,1,13,125,26,2,68
1,1,14,112,30,2,55
1,1,15,110,25,2,65
1,1,16,110,25,2,55
1,1,17,95,19,2,53
1,1,18,98,20,2,69
1,1,19,105,25,2,60
1,1,20,95,18,2,62
1,1,21,99,19,2,55
1,1,22,111,28,2,56
1,1,23,102,22,2,60
1,1,24,85,15,2,45
1,1,25,104,34,2,40
1,1,26,110,25,2,68
1,1,27,104,25,2,50
1,1,28,111,25,2,40
1,1,29,90,19,2,49
1,1,30,95,21,2,69
1,1,31,119,29,2,40
1,1,32,109,21,2,45
1,1,33,105,25,2,55
1,1,34,116,26,2,58
1,1,35,97,19,2,40
1,1,36,94,21,2,45
1,1,37,75,15,2,80
1,1,38,93,20,2,50
1,1,39,81,19,2,50
1,1,40,72,15,2,45
1,2,1,109,30,2,55
1,2,2,111,26,3,90
1,2,3,116,29,3,68
1,2,4,96,21,2,56
1,2,5,133,35,2,63
1,2,6,114,27,2,62
1,2,7,106,24,2,50
1,2,8,122,30,2,55
1,2,9,111,21,2,55
1,2,10,119,29,3,100
1,2,11,101,24,2,62
1,2,12,106,25,3,70
1,2,13,107,26,3,85
1,2,14,80,16,3,70
1,2,15,115,25,3,92
1,2,16,111,25,3,70
1,2,17,106,25,3,80
1,2,18,106,26,3,82
1,2,19,103,26,3,70
1,2,20,116,29,3,80
1,2,21,100,28,3,80
1,2,22,106,28,3,70
1,2,23,105,21,3,78
1,2,24,75,11,2,65
1,2,25,100,21,3,80
1,2,26,105,21,3,85
1,2,27,76,11,3,69
1,2,28,101,24,3,85
1,2,29,106,26,3,78
1,2,30,98,22,3,69
1,2,31,96,24,3,78
1,2,32,66,21,3,70
1,3,1,112,22,3,92
1,3,2,122,26,3,90
1,3,3,107,22,3,90
1,3,4,111,26,3,85
1,3,5,112,24,3,88
1,3,6,110,25,3,85
1,3,7,111,26,3,78
1,3,8,110,25,3,82
1,3,9,112,25,3,70
1,3,10,119,28,3,80
1,3,11,111,22,3,85
1,3,12,99,19,3,90
1,3,13,113,25,3,85
1,3,14,111,21,3,70
1,3,15,116,29,3,80
1,3,16,129,30,3,82
1,3,17,113,26,3,80
1,3,18,122,26,3,88
1,3,19,88,19,3,80
1,3,20,115,25,3,70
1,3,21,106,29,3,88
1,3,22,86,16,3,78
1,3,23,135,35,3,78
1,3,24,118,29,3,78
1,3,25,98,22,3,70
1,3,26,101,21,3,78
1,3,27,132,32,3,80
1,3,28,108,27,3,82
1,3,29,122,29,3,70
1,3,30,112,30,3,82
1,3,31,116,27,3,68
1,3,32,119,30,3,85
1,4,1,108,26,3,70
1,4,2,106,26,3,70
1,4,3,115,30,3,78
1,4,4,116,26,3,80
1,4,5,121,31,3,80
1,4,6,92,21,3,78
1,4,7,120,29,3,82
1,4,8,106,24,3,78
1,4,9,96,22,3,55
1,4,10,116,28,3,82
1,4,11,91,18,3,68
1,4,12,97,21,3,70
1,4,13,111,23,3,68
1,4,14,114,29,3,68
1,4,15,101,22,3,78
1,4,16,112,28,3,90
1,4,17,109,26,3,90
1,4,18,116,29,3,70
1,4,19,117,28,3,70
1,4,20,111,25,3,78
1,4,21,89,19,3,80
1,4,22,122,31,3,78
1,4,23,102,25,3,70
1,4,24,132,38,3,78
1,4,25,104,26,3,78
1,4,26,108,27,3,82
1,4,27,117,29,3,70
1,4,28,126,30,3,78
1,4,29,109,27,3,78
1,4,30,91,21,3,70
1,4,31,118,29,3,78
1,4,32,112,19,3,70
1,4,33,100,25,3,78
1,5,1,111,23,3,85
1,5,2,111,22,3,78
1,5,3,127,32,3,80
1,5,4,115,27,3,78
1,5,5,106,26,3,70
1,5,6,122,28,3,90
1,5,7,92,21,3,82
1,5,8,107,26,3,95
1,5,9,139,31,3,85
1,5,10,101,21,3,75
1,5,11,105,21,3,78
1,5,12,121,27,3,84
1,5,13,110,24,3,75
1,5,14,122,29,3,78
1,5,15,117,29,3,80
1,5,16,106,25,3,82
1,5,17,102,25,3,70
1,5,18,133,32,3,80
1,5,19,120,32,3,78
1,5,20,80,12,3,70
1,5,21,107,25,3,75
1,5,22,108,25,3,70
1,5,23,121,29,3,75
1,5,24,116,28,3,78
1,5,25,113,31,3,82
1,5,26,110,25,3,75
1,5,27,102,25,3,80
1,5,28,107,26,3,85
1,5,29,112,22,3,75
1,5,30,96,22,3,75
1,5,31,112,26,3,75
1,5,32,115,22,3,78
1,5,33,121,29,3,75
1,5,34,97,21,3,75
1,5,35,98,22,3,85
1,6,1,100,20,3,85
1,6,2,121,25,3,85
1,6,3,110,25,3,70
1,6,4,111,26,3,80
1,6,5,106,21,3,85
1,6,6,127,26,3,90
1,6,7,105,26,3,90
1,6,8,100,20,3,80
1,6,9,120,22,3,90
1,6,10,80,16,3,80
1,6,11,119,19,3,90
1,6,12,129,29,3,90
1,6,13,111,18,3,80
1,6,14,114,22,3,85
1,6,15,101,21,3,91
1,6,16,112,26,3,80
1,6,17,96,21,3,78
1,6,18,112,25,3,72
1,6,19,105,23,3,70
1,6,20,104,23,3,78
1,6,21,104,21,3,72
1,6,22,98,25,3,75
1,6,23,125,29,3,72
1,6,24,100,21,3,70
1,6,25,98,21,3,78
1,6,26,98,25,3,72
1,6,27,108,25,3,80
1,6,28,121,30,3,78
1,6,29,140,32,3,82
1,6,30,109,26,3,78
1,6,31,121,28,3,85
1,6,32,97,24,3,81
1,6,33,104,26,3,80
1,6,34,88,18,3,80
1,6,35,108,25,3,80
1,6,36,105,31,3,90
1,6,37,120,28,3,80
1,6,38,102,22,3,85
1,6,39,103,22,3,85
1,6,40,90,22,3,90
1,7,1,105,22,3,72
1,7,2,86,17,3,62
1,7,3,117,28,3,72
1,7,4,106,27,3,80
1,7,5,100,22,3,78
1,7,6,103,22,3,78
1,7,7,112,29,3,80
1,7,8,108,26,3,78
1,7,9,94,17,3,70
1,7,10,107,25,3,80
1,7,11,120,29,3,78
1,7,12,127,31,3,78
1,7,13,90,20,3,80
1,7,14,110,25,3,80
1,7,15,120,28,3,72
1,7,16,81,15,3,62
1,7,17,105,22,3,65
1,7,18,106,21,3,70
1,7,19,85,12,3,65
1,7,20,102,21,3,68
1,7,21,90,21,3,85
1,7,22,105,25,3,85
1,7,23,81,12,3,80
1,7,24,105,25,3,70
1,7,25,76,12,3,70
1,7,26,115,28,3,80
1,7,27,122,26,3,70
1,7,28,101,21,3,60
1,7,29,81,17,3,50
1,7,30,98,21,3,70
1,7,31,92,22,3,68
1,7,32,105,25,3,85
1,7,33,118,30,3,70
1,7,34,100,22,3,82
1,7,35,105,22,3,70
1,7,36,92,18,3,62
1,7,37,70,11,3,90
1,7,38,107,25,3,70
1,7,39,97,18,3,75
1,7,40,80,12,3,70
2,1,1,112,24,3,80
2,1,2,104,21,3,80
2,1,3,115,21,3,80
2,1,4,116,26,3,82
2,1,5,111,25,3,80
2,1,6,92,20,3,70
2,1,7,96,20,3,70
2,1,8,91,18,3,70
2,1,9,96,20,3,80
2,1,10,110,22,3,78
2,1,11,96,11,3,70
2,1,12,92,20,3,80
2,1,13,112,24,3,70
2,1,14,98,21,3,70
2,1,15,116,29,3,70
2,1,16,130,36,3,78
2,1,17,95,21,3,68
2,1,18,106,22,3,78
2,1,19,106,21,3,70
2,1,20,112,22,3,70
2,1,21,112,22,3,85
2,1,22,115,27,3,90
2,1,23,103,25,3,80
2,1,24,98,21,3,78
2,1,25,91,18,3,70
2,1,26,96,23,3,80
2,1,27,111,19,3,78
2,1,28,106,22,3,80
2,1,29,100,22,3,85
2,1,30,120,28,3,85
2,1,31,95,22,3,78
2,1,32,85,15,3,68
2,1,33,119,26,3,72
2,1,34,105,15,3,70
2,1,35,110,26,3,85
2,1,36,92,21,3,85
2,1,37,104,26,3,70
2,1,38,107,22,3,68
2,1,39,104,26,3,90
2,1,40,106,22,3,78
2,2,1,106,19,3,79
2,2,2,102,21,3,90
2,2,3,111,24,3,78
2,2,4,112,24,3,72
2,2,5,129,34,3,78
2,2,6,99,21,3,80
2,2,7,131,36,3,80
2,2,8,111,26,3,78
2,2,9,105,26,3,80
2,2,10,112,27,3,85
2,2,11,105,25,3,85
2,2,12,106,22,3,88
2,2,13,98,22,3,68
2,2,14,99,21,3,72
2,2,15,118,31,3,85
2,2,16,120,27,3,78
2,2,17,105,26,3,88
2,2,18,108,25,3,78
2,2,19,118,31,3,80
2,2,20,104,22,3,70
2,2,21,95,21,3,80
2,2,22,108,24,3,78
2,2,23,104,25,3,78
2,2,24,96,21,3,68
2,2,25,119,26,3,85
2,2,26,104,24,3,70
2,2,27,118,27,3,72
2,2,28,102,24,3,70
2,2,29,118,28,3,82
2,2,30,116,24,3,80
2,2,31,109,25,3,85
2,2,32,116,24,3,78
2,2,33,111,26,3,80
2,2,34,100,25,3,90
2,2,35,104,23,3,82
2,2,36,100,24,3,80
2,2,37,110,26,3,80
2,2,38,104,24,3,85
2,2,39,98,18,3,80
2,2,40,111,28,3,88
2,3,1,106,22,3,78
2,3,2,105,26,3,72
2,3,3,102,21,3,85
2,3,4,102,23,3,78
2,3,5,108,22,3,82
2,3,6,98,20,3,78
2,3,7,118,30,3,78
2,3,8,108,18,3,72
2,3,9,105,26,3,82
2,3,10,107,26,3,78
2,3,11,109,25,3,78
2,3,12,104,23,3,78
2,3,13,118,28,3,78
2,3,14,101,22,3,70
2,3,15,115,29,3,70
2,3,16,107,26,3,78
2,3,17,116,27,3,82
2,3,18,103,22,3,80
2,3,19,109,26,3,70
2,3,20,112,28,3,70
2,3,21,112,26,3,72
2,3,22,92,17,3,80
2,3,23,102,18,3,70
2,3,24,92,19,3,68
2,3,25,106,26,3,70
2,3,26,92,23,3,70
2,3,27,117,29,3,85
2,3,28,111,26,3,70
2,3,29,100,23,3,78
2,3,30,122,32,3,78
2,3,31,119,28,3,70
2,3,32,117,22,3,72
2,3,33,104,22,3,78
2,3,34,105,25,3,85
2,3,35,102,21,3,70
2,3,36,112,27,3,80
2,3,37,116,24,3,80
2,3,38,112,27,3,72
2,3,39,96,23,3,80
2,3,40,103,22,3,70
2,4,1,106,26,3,72
2,4,2,102,23,3,70
2,4,3,102,22,3,70
2,4,4,107,29,3,82
2,4,5,92,21,3,70
2,4,6,98,22,3,72
2,4,7,111,27,3,80
2,4,8,107,23,3,78
2,4,9,118,23,3,70
2,4,10,112,29,3,80
2,4,11,130,32,3,70
2,4,12,117,26,3,78
2,4,13,117,26,3,70
2,4,14,110,22,3,78
2,4,15,122,31,3,85
2,4,16,112,22,3,72
2,4,17,105,25,3,80
2,4,18,120,30,3,72
2,4,19,101,25,3,72
2,4,20,110,26,3,80
2,4,21,92,20,3,78
2,4,22,106,26,3,72
2,4,23,92,20,3,90
2,4,24,118,28,3,85
2,4,25,112,27,3,70
2,4,26,85,10,3,75
2,4,27,91,22,3,68
2,4,28,108,28,3,78
2,4,29,111,29,3,80
2,4,30,102,24,3,70
2,4,31,122,27,3,85
2,4,32,96,22,3,70
2,4,33,130,32,3,80
2,4,34,100,22,3,90
2,4,35,104,27,3,78
2,4,36,109,27,3,80
2,4,37,111,26,3,78
2,4,38,118,32,3,70
2,4,39,112,26,3,72
2,4,40,112,27,3,70
2,5,1,98,22,3,80
2,5,2,102,26,3,82
2,5,3,114,29,3,82
2,5,4,104,25,3,85
2,5,5,107,29,3,82
2,5,6,106,23,3,85
2,5,7,98,21,3,88
2,5,8,105,26,3,82
2,5,9,107,22,3,80
2,5,10,103,22,3,85
2,5,11,116,28,3,88
2,5,12,100,22,3,68
2,5,13,98,21,3,80
2,5,14,126,29,3,78
2,5,15,126,32,3,78
2,5,16,122,26,3,78
2,5,17,106,25,3,80
2,5,18,111,26,3,78
2,5,19,112,28,3,70
2,5,20,116,28,3,85
2,5,21,101,25,3,78
2,5,22,100,22,3,82
2,5,23,108,26,3,72
2,5,24,116,28,3,70
2,5,25,115,32,3,70
2,5,26,116,24,3,82
2,5,27,103,22,3,80
2,5,28,106,25,3,82
2,5,29,113,24,3,78
2,5,30,82,19,3,78
2,5,31,107,26,3,85
2,5,32,117,26,3,80
2,5,33,108,26,3,78
2,5,34,102,23,3,78
2,5,35,122,31,3,80
2,5,36,105,25,3,78
2,5,37,113,28,3,78
2,5,38,98,24,3,80
2,5,39,112,27,3,80
2,5,40,110,25,3,78
2,6,1,112,27,3,70
2,6,2,112,26,3,70
2,6,3,111,26,3,72
2,6,4,118,31,3,72
2,6,5,91,22,3,72
2,6,6,98,22,3,72
2,6,7,109,27,3,90
2,6,8,100,21,3,85
2,6,9,96,21,3,80
2,6,10,118,26,3,80
2,6,11,131,31,3,80
2,6,12,117,27,3,78
2,6,13,106,25,3,80
2,6,14,92,21,3,72
2,6,15,112,26,3,72
2,6,16,101,25,3,85
2,6,17,122,26,3,80
2,6,18,110,23,3,78
2,6,19,109,26,3,72
2,6,20,90,20,3,70
2,6,21,112,21,3,72
2,6,22,111,22,3,70
2,6,23,126,31,3,72
2,6,24,116,28,3,72
2,6,25,108,26,3,72
2,6,26,126,32,3,80
2,6,27,106,25,3,78
2,6,28,122,25,3,78
2,6,29,101,24,3,80
2,6,30,116,24,3,78
2,6,31,98,21,3,72
2,6,32,106,23,3,78
2,6,33,117,27,3,80
2,6,34,121,31,3,78
2,6,35,98,23,3,78
2,6,36,84,20,3,80
2,6,37,121,25,3,78
2,6,38,129,30,3,78
2,6,39,104,26,3,80
2,6,40,96,21,3,72
2,7,1,92,17,3,68
2,7,2,110,28,3,82
2,7,3,112,27,3,80
2,7,4,122,28,3,85
2,7,5,138,32,3,80
2,7,6,118,31,3,85
2,7,7,112,26,3,78
2,7,8,85,22,3,78
2,7,9,118,23,3,82
2,7,10,112,26,3,82
2,7,11,92,22,3,78
2,7,12,110,26,3,85
2,7,13,112,26,3,80
2,7,14,109,28,3,80
2,7,15,119,28,3,78
2,7,16,117,26,3,85
2,7,17,102,26,3,80
2,7,18,112,28,3,78
2,7,19,121,32,3,85
2,7,20,112,29,3,82
2,7,21,126,36,3,82
2,7,22,122,29,3,78
2,7,23,102,23,3,78
2,7,24,112,30,3,85
2,7,25,128,29,3,80
2,7,26,96,22,3,80
2,7,27,112,27,3,80
2,7,28,108,26,3,78
2,7,29,108,22,3,85
2,7,30,107,25,3,75
2,7,31,101,21,3,80
2,7,32,90,19,3,80
2,7,33,121,31,3,80
2,7,34,111,23,3,72
2,7,35,102,24,3,72
2,7,36,104,22,3,78
2,7,37,108,24,3,85
2,7,38,98,22,3,72
2,7,39,88,20,3,70
2,7,40,102,22,3,78
2,8,1,108,25,3,85
2,8,2,111,25,3,72
2,8,3,118,29,3,90
2,8,4,95,19,3,70
2,8,5,96,20,3,78
2,8,6,106,26,3,78
2,8,7,96,20,3,78
2,8,8,111,28,3,80
2,8,9,96,21,3,72
2,8,10,107,26,3,78
2,8,11,105,26,3,78
2,8,12,102,26,3,78
2,8,13,115,27,3,78
2,8,14,87,17,3,70
2,8,15,117,29,3,70
2,8,16,113,28,3,78
2,8,17,89,18,3,70
2,8,18,110,26,3,78
2,8,19,104,22,3,70
2,8,20,122,32,3,72
2,8,21,98,22,3,70
2,8,22,112,26,3,78
2,8,23,116,28,3,70
2,8,24,119,30,3,78
2,8,25,109,26,3,85
2,8,26,115,26,3,78
2,8,27,108,29,3,72
2,8,28,104,26,3,88
2,8,29,104,26,3,78
2,8,30,107,25,3,70
2,8,31,108,25,3,78
2,8,32,98,21,3,78
2,8,33,90,20,3,70
2,8,34,107,24,3,70
2,8,35,107,28,3,80
2,8,36,112,28,3,82
2,8,37,126,32,3,78
2,8,38,108,25,3,78
2,8,39,107,26,3,68
2,8,40,114,29,3,82
2,9,1,104,26,3,82
2,9,2,113,28,3,78
2,9,3,102,22,3,70
2,9,4,108,24,3,70
2,9,5,105,22,3,78
2,9,6,106,26,3,80
2,9,7,109,26,3,78
2,9,8,90,21,3,78
2,9,9,108,24,3,72
2,9,10,116,27,3,70
2,9,11,97,22,3,90
2,9,12,121,32,3,80
2,9,13,112,26,3,78
2,9,14,103,24,3,70
2,9,15,116,30,3,68
2,9,16,102,22,3,70
2,9,17,128,32,3,72
2,9,18,118,31,3,70
2,9,19,112,29,3,78
2,9,20,102,24,3,70
2,9,21,108,25,3,70
2,9,22,118,31,3,72
2,9,23,92,21,3,78
2,9,24,122,32,3,70
2,9,25,108,27,3,70
2,9,26,111,26,3,70
2,9,27,128,27,3,85
2,9,28,99,22,3,70
2,9,29,118,32,3,85
2,9,30,112,26,3,78
2,9,31,104,25,3,68
2,9,32,107,26,3,85
2,9,33,98,22,3,90
2,9,34,100,24,3,80
2,9,35,102,23,3,85
2,9,36,86,21,3,80
2,9,37,114,22,3,70
2,9,38,129,29,3,80
2,9,39,118,30,3,70
2,9,40,122,28,3,82
2,10,1,118,32,3,82
2,10,2,113,27,3,78
2,10,3,112,28,3,70
2,10,4,102,21,3,78
2,10,5,106,22,3,82
2,10,6,111,28,3,82
2,10,7,115,29,3,85
2,10,8,106,24,3,70
2,10,9,111,26,3,80
2,10,10,108,26,3,78
2,10,11,102,26,3,78
2,10,12,105,24,3,85
2,10,13,88,21,3,72
2,10,14,111,26,3,80
2,10,15,104,23,3,80
2,10,16,112,29,3,72
2,10,17,124,32,3,70
2,10,18,96,21,3,70
2,10,19,125,32,3,80
2,10,20,88,18,3,68
2,10,21,92,21,3,82
2,10,22,108,22,3,80
2,10,23,112,26,3,85
2,10,24,107,26,3,80
2,10,25,96,22,3,85
2,10,26,104,29,3,72
2,10,27,109,26,3,92
2,10,28,122,29,3,78
2,10,29,99,25,3,70
2,10,30,122,32,3,82
2,10,31,112,30,3,80
2,10,32,114,27,3,80
2,10,33,99,22,3,85
2,10,34,98,26,3,82
2,10,35,99,21,3,75
2,10,36,104,22,3,80
2,10,37,112,21,3,70
2,10,38,88,21,3,70
2,10,39,112,21,3,75
2,10,40,129,31,3,72
3,1,1,117,27,3,80
3,1,2,129,29,3,82
3,1,3,116,29,3,85
3,1,4,110,24,3,70
3,1,5,101,26,3,78
3,1,6,116,32,3,78
3,1,7,108,29,3,72
3,1,8,122,29,3,70
3,1,9,104,24,3,78
3,1,10,122,34,3,68
3,1,11,92,21,3,68
3,1,12,120,31,3,70
3,1,13,128,32,3,78
3,1,14,100,21,3,70
3,1,15,102,24,3,65
3,1,16,122,29,3,70
3,1,17,109,30,3,68
3,1,18,121,32,3,80
3,1,19,128,35,3,80
3,1,20,128,32,3,78
3,1,21,112,27,3,80
3,1,22,116,29,3,78
3,1,23,124,31,3,80
3,1,24,124,36,3,82
3,1,25,116,31,3,78
3,1,26,102,22,3,82
3,1,27,112,22,3,70
3,1,28,88,20,3,82
3,1,29,122,30,3,78
3,1,30,126,32,3,70
3,1,31,100,21,3,85
3,1,32,106,26,3,80
3,1,33,90,20,3,65
3,1,34,124,30,3,82
3,1,35,94,19,3,80
3,1,36,122,33,3,70
3,1,37,126,32,3,70
3,1,38,116,29,3,70
3,1,39,120,30,3,70
3,1,40,108,27,3,70
3,2,1,112,27,3,68
3,2,2,85,10,3,68
3,2,3,128,36,3,90
3,2,4,111,27,3,82
3,2,5,105,28,3,80
3,2,6,120,32,3,80
3,2,7,126,26,3,82
3,2,8,120,23,3,80
3,2,9,106,29,3,80
3,2,10,135,36,3,85
3,2,11,129,31,3,82
3,2,12,122,32,3,90
3,2,13,120,32,3,82
3,2,14,122,32,3,85
3,2,15,122,29,3,70
3,2,16,122,18,3,60
3,2,17,121,22,3,68
3,2,18,120,32,3,85
3,2,19,108,25,3,68
3,2,20,116,26,3,70
3,2,21,95,12,3,50
3,2,22,110,32,3,68
3,2,23,129,36,3,70
3,2,24,112,28,3,68
3,2,25,116,19,3,70
3,2,26,81,12,3,68
3,2,27,92,24,3,80
3,2,28,112,26,3,78
3,2,29,135,33,3,78
3,2,30,100,23,3,72
3,2,31,122,33,3,70
3,2,32,112,26,3,70
3,2,33,120,30,3,78
3,2,34,122,27,3,70
3,2,35,118,28,3,70
3,2,36,122,27,3,70
3,2,37,111,26,3,68
3,2,38,108,22,3,80
3,2,39,113,25,3,72
3,2,40,116,26,3,70
3,4,1,109,26,3,78
3,4,2,140,32,3,78
3,4,3,121,30,3,78
3,4,4,107,25,3,80
3,4,5,97,25,3,78
3,4,6,98,22,3,78
3,4,7,100,21,3,80
3,4,8,125,29,3,82
3,4,9,98,25,3,78
3,4,10,104,23,3,78
3,4,11,103,21,3,78
3,4,12,105,23,3,70
3,4,13,112,25,3,72
3,4,14,95,21,3,78
3,4,15,97,24,3,81
3,4,16,105,23,3,78
3,4,17,104,23,3,78
3,4,18,105,23,3,80
3,4,19,121,30,3,82
3,4,20,103,22,3,78
3,4,21,120,28,3,80
3,4,22,97,23,3,78
3,4,23,90,21,3,70
3,4,24,120,22,3,72
3,4,25,100,20,3,80
3,4,26,121,25,3,78
3,4,27,112,25,3,78
3,4,28,105,31,3,78
3,4,29,107,25,3,68
3,4,30,122,29,3,78
3,4,31,139,31,3,78
3,4,32,107,24,3,80
3,4,33,125,28,3,78
3,4,34,122,26,3,72
3,4,35,104,23,3,72
3,4,36,106,26,3,72
3,4,37,111,19,3,72
3,4,38,114,21,3,80
3,4,39,112,23,3,80
3,4,40,111,22,3,78
3,5,1,116,23,3,80
3,5,2,118,27,3,78
3,5,3,117,26,3,78
3,5,4,114,27,3,78
3,5,5,104,22,3,70
3,5,6,112,25,3,70
3,5,7,111,28,3,72
3,5,8,97,19,3,70
3,5,9,92,18,3,72
3,5,10,100,21,3,70
3,5,11,117,29,3,68
3,5,12,92,21,3,70
3,5,13,97,21,3,70
3,5,14,82,17,3,70
3,5,15,102,22,3,72
3,5,16,123,25,3,72
3,5,17,114,26,3,70
3,5,18,77,13,3,68
3,5,19,104,24,3,70
3,5,20,82,13,3,68
3,5,21,104,24,3,72
3,5,22,105,25,3,72
3,5,23,90,21,3,70
3,5,24,81,13,3,80
3,5,25,119,21,3,78
3,5,26,127,31,3,80
3,5,27,120,29,3,70
3,5,28,106,21,3,70
3,5,29,107,23,3,70
3,5,30,80,12,3,70
3,5,31,105,21,3,72
3,5,32,116,27,3,70
3,5,33,106,26,3,72
3,5,34,120,28,3,78
3,5,35,122,26,3,80
3,5,36,105,22,3,78
3,5,37,106,24,3,80
3,5,38,114,27,3,78
3,5,39,128,32,3,78
3,5,40,111,25,3,72
4,1,1,122,24,3,78
4,1,2,108,22,3,78
4,1,3,109,29,3,80
4,1,4,118,31,3,80
4,1,5,111,25,3,78
4,1,6,112,26,3,82
4,1,7,127,36,3,80
4,1,8,92,22,3,82
4,1,9,115,30,3,78
4,1,10,102,22,3,78
4,1,11,111,26,3,70
4,1,12,90,21,3,68
4,1,13,122,32,3,70
4,1,14,96,22,3,80
4,1,15,122,35,3,78
4,1,16,112,22,3,78
4,1,17,134,30,3,80
4,1,18,100,24,3,85
4,1,19,94,19,3,80
4,1,20,100,21,3,78
4,1,21,117,31,3,70
4,1,22,96,22,3,68
4,1,23,106,26,3,90
4,1,24,109,25,3,70
4,1,25,122,28,3,70
4,1,26,128,28,3,85
4,1,27,122,25,3,78
4,1,28,129,32,3,78
4,1,29,118,29,3,78
4,1,30,116,28,3,78
4,1,31,124,32,3,80
4,1,32,102,26,3,68
4,1,33,112,28,3,78
4,1,34,122,32,3,80
4,1,35,124,29,3,78
4,1,36,122,32,3,78
4,1,37,111,28,3,78
4,1,38,107,21,3,80
4,1,39,128,28,3,70
4,1,40,120,28,3,78
4,2,1,105,26,3,80
4,2,2,105,26,3,85
4,2,3,132,36,3,85
4,2,4,137,36,3,78
4,2,5,132,31,3,70
4,2,6,126,31,3,85
4,2,7,124,28,3,90
4,2,8,128,25,3,85
4,2,9,116,28,3,68
4,2,10,100,22,3,70
4,2,11,130,32,3,85
4,2,12,106,21,3,78
4,2,13,119,25,3,80
4,2,14,126,32,3,82
4,2,15,109,28,3,90
4,2,16,118,32,3,70
4,2,17,94,22,3,78
4,2,18,102,22,3,88
4,2,19,100,22,3,85
4,2,20,120,32,3,85
4,2,21,116,30,3,80
4,2,22,100,28,3,78
4,2,23,107,26,3,70
4,2,24,106,26,3,82
4,2,25,122,32,3,85
4,2,26,118,28,3,78
4,2,27,126,31,3,78
4,2,28,118,28,3,82
4,2,29,111,26,3,68
4,2,30,115,28,3,80
4,2,31,104,25,3,95
4,2,32,120,30,3,80
4,2,33,127,31,3,80
4,2,34,102,22,3,78
4,2,35,116,30,3,90
4,2,36,121,31,3,78
4,2,37,122,32,3,78
4,2,38,116,27,3,95
4,2,39,130,33,3,90
4,2,40,126,31,3,90
4,3,1,120,31,3,68
4,3,2,122,30,3,78
4,3,3,116,27,3,85
4,3,4,95,20,3,68
4,3,5,112,26,3,80
4,3,6,113,26,3,78
4,3,7,122,27,3,78
4,3,8,92,22,3,60
4,3,9,94,19,3,70
4,3,10,105,21,3,78
4,3,11,111,22,3,85
4,3,12,115,26,3,78
4,3,13,102,23,3,68
4,3,14,116,27,3,70
4,3,15,116,28,3,80
4,3,16,117,28,3,78
4,3,17,127,34,3,78
4,3,18,130,32,3,80
4,3,19,102,26,3,78
4,3,20,132,36,3,82
4,3,21,130,31,3,78
4,3,22,118,30,3,78
4,3,23,118,24,3,85
4,3,24,117,29,3,68
4,3,25,100,20,3,68
4,3,26,122,31,3,70
4,3,27,106,22,3,78
4,3,28,86,16,3,65
4,3,29,91,22,3,70
4,3,30,116,24,3,78
4,3,31,92,22,3,65
4,3,32,116,27,3,78
4,3,33,122,27,3,70
4,3,34,108,26,3,78
4,3,35,138,38,3,90
4,3,36,104,25,3,70
4,3,37,112,28,3,78
4,3,38,96,25,3,80
4,3,39,113,32,3,78
4,3,40,118,31,3,65
4,4,1,85,16,3,60
4,4,2,97,22,3,70
4,4,3,113,30,3,78
4,4,4,121,32,3,82
4,4,5,122,26,3,80
4,4,6,112,26,3,78
4,4,7,92,17,3,70
4,4,8,115,28,3,82
4,4,9,106,26,3,65
4,4,10,110,25,3,85
4,4,11,97,22,3,70
4,4,12,110,26,3,68
4,4,13,119,27,3,78
4,4,14,116,28,3,80
4,4,15,97,22,3,70
4,4,16,96,25,3,80
4,4,17,118,26,3,78
4,4,18,86,20,3,70
4,4,19,97,25,3,78
4,4,20,91,16,3,60
4,4,21,97,22,3,65
4,4,22,126,31,3,80
4,4,23,97,23,3,70
4,4,24,126,28,3,82
4,4,25,111,27,3,78
4,4,26,108,28,3,82
4,4,27,104,25,3,82
4,4,28,92,17,3,85
4,4,29,106,25,3,78
4,4,30,86,19,3,60
4,4,31,96,22,3,70
4,4,32,102,23,3,80
4,4,33,126,32,3,78
4,4,34,111,26,3,78
4,4,35,112,26,3,82
4,4,36,117,30,3,70
4,4,37,118,31,3,78
4,4,38,112,27,3,78
4,4,39,117,26,3,82
4,4,40,103,25,3,78
4,5,1,128,27,3,78
4,5,2,116,31,3,78
4,5,3,135,34,3,70
4,5,4,92,22,3,68
4,5,5,106,26,3,68
4,5,6,90,18,3,65
4,5,7,116,26,3,78
4,5,8,131,33,3,78
4,5,9,99,22,3,88
4,5,10,134,32,3,78
4,5,11,136,32,3,85
4,5,12,108,26,3,82
4,5,13,111,28,3,70
4,5,14,106,29,3,68
4,5,15,110,27,3,70
4,5,16,100,21,3,70
4,5,17,106,25,3,78
4,5,18,116,26,3,80
4,5,19,122,29,3,82
4,5,20,115,27,3,72
4,5,21,97,22,3,70
4,5,22,120,28,3,78
4,5,23,118,28,3,68
4,5,24,86,17,3,60
4,5,25,132,32,3,70
4,5,26,117,25,3,87
4,5,27,123,32,3,72
4,5,28,108,26,3,78
4,5,29,109,28,3,82
4,5,30,122,30,3,80
4,5,31,131,32,3,82
4,5,32,126,31,3,78
4,5,33,117,27,3,82
4,5,34,116,30,3,85
4,5,35,114,27,3,82
4,5,36,110,20,3,85
4,5,37,116,32,3,78
4,5,38,122,29,3,78
4,5,39,102,22,3,68
4,5,40,97,22,3,68
4,6,1,122,34,3,82
4,6,2,116,28,3,78
4,6,3,106,25,3,85
4,6,4,121,29,3,80
4,6,5,112,27,3,82
4,6,6,111,27,3,80
4,6,7,124,31,3,78
4,6,8,107,27,3,80
4,6,9,110,22,3,78
4,6,10,138,33,3,78
4,6,11,127,32,3,78
4,6,12,122,31,3,78
4,6,13,124,25,3,78
4,6,14,100,22,3,78
4,6,15,109,27,3,78
4,6,16,106,26,3,78
4,6,17,110,27,3,85
4,6,18,118,32,3,82
4,6,19,88,20,3,60
4,6,20,117,30,3,80
4,6,21,109,25,3,78
4,6,22,101,22,3,92
4,6,23,106,27,3,78
4,6,24,111,28,3,65
4,6,25,128,31,3,68
4,6,26,102,22,3,78
4,6,27,132,36,3,82
4,6,28,121,28,3,82
4,6,29,116,27,3,70
4,6,30,112,27,3,68
4,6,31,106,24,3,80
4,6,32,108,27,3,70
4,6,33,102,26,3,88
4,6,34,127,32,3,70
4,6,35,110,26,3,70
4,6,36,112,27,3,68
4,6,37,102,26,3,70
4,6,38,72,20,3,80
4,6,39,116,32,3,78
4,6,40,116,29,3,68
4,7,1,102,25,3,80
4,7,2,130,30,3,78
4,7,3,126,32,3,80
4,7,4,121,28,3,78
4,7,5,98,25,3,90
4,7,6,105,26,3,90
4,7,7,100,26,3,70
4,7,8,111,29,3,85
4,7,9,116,29,3,70
4,7,10,117,28,3,72
4,7,11,101,26,3,78
4,7,12,112,28,3,82
4,7,13,101,24,3,78
4,7,14,116,31,3,78
4,7,15,126,33,3,82
4,7,16,96,18,3,60
4,7,17,87,19,3,60
4,7,18,106,26,3,70
4,7,19,99,18,3,70
4,7,20,102,24,3,78
4,7,21,106,26,3,78
4,7,22,124,28,3,78
4,7,23,98,22,3,78
4,7,24,122,31,3,80
4,7,25,122,32,3,80
4,7,26,112,27,3,70
4,7,27,117,29,3,72
4,7,28,109,26,3,70
4,7,29,106,24,3,70
4,7,30,102,26,3,90
4,7,31,101,19,3,68
4,7,32,96,21,3,78
4,7,33,86,16,3,60
4,7,34,104,24,3,78
4,7,35,103,16,3,85
4,7,36,105,22,3,78
4,7,37,96,20,3,68
4,7,38,107,26,3,72
4,7,39,102,21,3,68
4,7,40,102,26,3,78
4,8,1,120,27,3,78
4,8,2,122,24,3,78
4,8,3,108,23,3,60
4,8,4,109,24,3,68
4,8,5,117,30,3,70
4,8,6,110,29,3,72
4,8,7,111,26,3,90
4,8,8,95,20,3,78
4,8,9,117,30,3,78
4,8,10,118,31,3,78
4,8,11,102,26,3,70
4,8,12,128,28,3,72
4,8,13,112,28,3,78
4,8,14,123,31,3,70
4,8,15,107,21,3,78
4,8,16,118,29,3,72
4,8,17,122,32,3,70
4,8,18,111,28,3,78
4,8,19,129,32,3,78
4,8,20,124,32,3,78
4,8,21,116,28,3,72
4,8,22,117,30,3,78
4,8,23,112,29,3,72
4,8,24,114,24,3,78
4,8,25,100,21,3,72
4,8,26,96,22,3,78
4,8,27,105,25,3,70
4,8,28,108,26,3,70
4,8,29,117,30,3,72
4,8,30,113,28,3,78
4,8,31,116,28,3,70
4,8,32,100,21,3,70
4,8,33,130,29,3,68
4,8,34,120,25,3,70
4,8,35,116,27,3,72
4,8,36,111,26,3,78
4,8,37,120,29,3,72
4,8,38,97,24,3,70
4,8,39,113,25,3,68
4,8,40,112,25,3,78
4,9,1,121,32,3,80
4,9,2,94,17,3,68
4,9,3,105,19,3,60
4,9,4,100,19,3,60
4,9,5,95,18,3,60
4,9,6,116,19,3,70
4,9,7,124,32,3,70
4,9,8,116,28,3,82
4,9,9,106,26,3,78
4,9,10,105,28,3,68
4,9,11,124,31,3,78
4,9,12,98,19,3,50
4,9,13,102,21,3,50
4,9,14,126,32,3,78
4,9,15,93,13,3,50
4,9,16,96,16,3,50
4,9,17,122,32,3,78
4,9,18,102,25,3,78
4,9,19,89,16,3,50
4,9,20,92,12,3,80
4,9,21,132,32,3,90
4,9,22,122,22,3,78
4,9,23,114,27,3,78
4,9,24,87,18,3,82
4,9,25,122,32,3,78
4,9,26,117,30,3,80
4,9,27,90,17,3,68
4,9,28,126,32,3,78
4,9,29,107,22,3,68
4,9,30,95,22,3,68
4,9,31,95,12,3,50
4,9,32,90,16,3,55
4,9,33,100,20,3,50
4,9,34,104,26,3,85
4,9,35,119,32,3,78
4,9,36,94,16,3,50
4,9,37,95,20,3,85
4,9,38,118,33,3,82
4,9,39,102,19,3,50
4,9,40,102,19,3,68
4,10,1,135,38,3,70
4,10,2,119,29,3,78
4,10,3,93,19,3,58
4,10,4,106,25,3,70
4,10,5,122,32,3,82
4,10,6,125,32,3,82
4,10,7,111,25,3,70
4,10,8,138,37,3,78
4,10,9,124,35,3,68
4,10,10,102,19,3,50
4,10,11,99,19,3,50
4,10,12,102,22,3,78
4,10,13,124,32,3,80
4,10,14,109,24,3,80
4,10,15,95,18,3,60
4,10,16,116,31,3,78
4,10,17,92,17,3,68
4,10,18,128,32,3,70
4,10,19,97,19,3,70
4,10,20,115,29,3,80
4,10,21,102,26,3,78
4,10,22,93,18,3,60
4,10,23,116,32,3,78
4,10,24,116,32,3,78
4,10,25,120,32,3,82
4,10,26,133,37,3,82
4,10,27,118,34,3,78
4,10,28,111,26,3,80
4,10,29,95,17,3,60
4,10,30,95,15,3,70
4,10,31,107,29,3,68
4,10,32,92,16,3,68
4,10,33,111,27,3,78
4,10,34,112,27,3,70
4,10,35,91,17,3,60
4,10,36,87,17,3,50
4,10,37,82,15,3,68
4,10,38,87,16,3,70
4,10,39,90,18,3,68
4,10,40,82,20,3,70
4,11,1,120,32,3,80
4,11,2,117,30,3,80
4,11,3,113,28,3,80
4,11,4,118,32,3,78
4,11,5,126,32,3,78
4,11,6,126,37,3,70
4,11,7,118,32,3,68
4,11,8,122,32,3,78
4,11,9,120,32,3,80
4,11,10,117,33,3,78
4,11,11,94,20,3,70
4,11,12,116,28,3,78
4,11,13,109,29,3,68
4,11,14,100,24,3,78
4,11,15,112,29,3,78
4,11,16,119,31,3,80
4,11,17,95,25,3,78
4,11,18,111,26,3,68
4,11,19,116,29,3,80
4,11,20,117,30,3,80
4,11,21,118,33,3,78
4,11,22,111,27,3,82
4,11,23,120,36,3,70
4,11,24,121,30,3,70
4,11,25,122,32,3,90
4,11,26,126,35,3,90
4,11,27,118,32,3,80
4,11,28,132,26,3,78
4,11,29,102,26,3,82
4,11,30,122,29,3,82
4,11,31,102,27,3,78
4,11,32,123,30,3,78
4,11,33,118,30,3,72
4,11,34,120,31,3,78
4,11,35,104,27,3,72
4,11,36,115,28,3,68
4,11,37,116,28,3,72
4,11,38,120,30,3,72
4,11,39,118,32,3,70
4,11,40,101,25,3,68
5,1,1,108,25,3,72
5,1,2,117,29,3,78
5,1,3,125,30,3,72
5,1,4,122,29,3,78
5,1,5,107,25,3,82
5,1,6,123,29,3,78
5,1,7,121,27,3,68
5,1,8,137,39,3,70
5,1,9,128,29,3,72
5,1,10,116,20,3,78
5,1,11,95,24,3,72
5,1,12,125,31,3,68
5,1,13,108,29,3,70
5,1,14,135,36,3,72
5,1,15,122,31,3,70
5,1,16,108,28,3,68
5,1,17,97,23,3,70
5,1,18,88,20,3,68
5,1,19,120,31,3,70
5,1,20,120,32,3,72
5,1,21,129,30,3,68
5,1,22,136,38,3,70
5,1,23,110,26,3,68
5,1,24,122,32,3,80
5,1,25,125,27,3,68
5,1,26,108,29,3,70
5,1,27,127,29,3,68
5,1,28,121,30,3,68
5,1,29,115,25,3,70
5,1,30,121,31,3,68
5,1,31,124,30,3,70
5,1,32,97,19,3,72
5,1,33,87,19,3,70
5,1,34,102,26,3,68
5,1,35,96,24,3,70
5,1,36,122,32,3,68
5,1,37,90,20,3,70
5,1,38,122,31,3,72
5,1,39,115,29,3,62
5,1,40,122,27,3,72
5,2,1,102,26,3,70
5,2,2,103,27,3,82
5,2,3,100,26,3,78
5,2,4,107,24,3,90
5,2,5,129,30,3,70
5,2,6,122,30,3,68
5,2,7,117,29,3,82
5,2,8,125,30,3,68
5,2,9,125,32,3,82
5,2,10,118,28,3,68
5,2,11,114,28,3,70
5,2,12,113,28,3,78
5,2,13,123,31,3,78
5,2,14,114,28,3,68
5,2,15,106,23,3,78
5,2,16,118,29,3,78
5,2,17,134,38,3,78
5,2,18,126,28,3,82
5,2,19,116,30,3,70
5,2,20,129,31,3,78
5,2,21,110,26,3,78
5,2,22,92,21,3,78
5,2,23,126,32,3,70
5,2,24,91,21,3,78
5,2,25,117,30,3,70
5,2,26,116,26,3,70
5,2,27,120,31,3,70
5,2,28,120,32,3,70
5,2,29,122,32,3,92
5,2,30,123,30,3,70
5,2,31,136,39,3,70
5,2,32,121,27,3,70
5,2,33,125,31,3,90
5,2,34,96,23,3,90
5,2,35,122,32,3,70
5,2,36,107,25,3,82
5,2,37,95,20,3,68
5,2,38,87,20,3,78
5,2,39,108,29,3,80
5,2,40,96,18,3,98
5,3,1,111,29,3,82
5,3,2,86,19,3,92
5,3,3,112,32,3,82
5,3,4,110,28,3,80
5,3,5,92,15,3,50
5,3,6,116,32,3,82
5,3,7,111,19,3,85
5,3,8,122,30,3,70
5,3,9,112,28,3,78
5,3,10,120,27,3,70
5,3,11,112,28,3,70
5,3,12,106,25,3,68
5,3,13,113,28,3,78
5,3,14,87,20,3,68
5,3,15,122,32,3,68
5,3,16,111,27,3,82
5,3,17,87,20,3,68
5,3,18,108,28,3,78
5,3,19,112,28,3,82
5,3,20,114,28,3,80
5,3,21,117,26,3,68
5,3,22,112,26,3,68
5,3,23,114,30,3,78
5,3,24,126,32,3,68
5,3,25,96,22,3,70
5,3,26,97,22,3,70
5,3,27,118,30,3,68
5,3,28,92,18,3,72
5,3,29,118,32,3,68
5,3,30,104,26,3,72
5,3,31,104,26,3,78
5,3,32,91,20,3,68
5,3,33,118,32,3,82
5,3,34,108,27,3,85
5,3,35,122,33,3,78
5,3,36,118,32,3,82
5,3,37,126,32,3,78
5,3,38,104,28,3,82
5,3,39,120,31,3,70
5,3,40,118,31,3,72
5,4,1,127,38,3,80
5,4,2,118,28,3,78
5,4,3,114,28,3,80
5,4,4,128,35,3,78
5,4,5,112,28,3,70
5,4,6,102,25,3,80
5,4,7,102,25,3,70
5,4,8,120,32,3,70
5,4,9,111,29,3,78
5,4,10,116,30,3,70
5,4,11,124,35,1,45
5,4,12,110,26,3,68
5,4,13,128,35,3,70
5,4,14,128,30,3,78
5,4,15,115,29,3,70
5,4,16,126,30,3,80
5,4,17,115,26,3,72
5,4,18,113,27,3,70
5,4,19,110,28,3,72
5,4,20,112,32,3,70
5,4,21,122,32,3,68
5,4,22,125,31,3,68
5,4,23,111,27,3,68
5,4,24,122,32,3,68
5,4,25,115,28,3,70
5,4,26,118,27,3,68
5,4,27,116,29,3,70
5,4,28,123,33,3,68
5,4,29,113,26,3,70
5,4,30,110,25,3,68
5,4,31,109,24,3,70
5,4,32,120,33,3,68
5,4,33,116,30,3,68
5,4,34,126,38,3,78
5,4,35,111,26,3,70
5,4,36,127,33,3,72
5,4,37,110,26,3,70
5,4,38,115,26,3,68
5,4,39,119,28,3,70
5,4,40,130,35,3,70
5,5,1,115,30,3,68
5,5,2,114,29,3,70
5,5,3,112,29,3,68
5,5,4,117,29,3,72
5,5,5,111,27,3,68
5,5,6,88,21,3,75
5,5,7,122,33,3,80
5,5,8,131,35,3,68
5,5,9,127,38,3,70
5,5,10,118,27,3,72
5,5,11,115,26,3,72
5,5,12,127,26,3,68
5,5,13,113,25,3,68
5,5,14,110,28,2,60
5,5,15,112,30,2,65
5,5,16,112,30,2,65
5,5,17,122,32,3,68
5,5,18,125,31,3,68
5,5,19,118,27,3,70
5,5,20,116,26,3,70
5,5,21,114,26,3,72
5,5,22,110,25,3,70
5,5,23,109,24,3,70
5,5,24,123,33,3,68
5,5,25,113,25,3,68
5,5,26,116,30,2,65
5,5,27,130,34,3,70
5,5,28,119,27,3,70
5,5,29,114,25,2,65
5,5,30,110,24,2,65
5,5,31,109,23,2,60
5,5,32,121,31,3,68
5,5,33,130,35,3,68
5,5,34,126,37,3,70
5,5,35,117,29,3,72
5,5,36,116,27,3,75
5,5,37,112,26,3,70
5,5,38,120,31,3,71
5,5,39,123,32,3,72
5,5,40,128,34,3,68
5,6,1,127,39,2,50
5,6,2,120,31,3,78
5,6,3,110,28,3,78
5,6,4,113,26,3,68
5,6,5,124,33,3,70
5,6,6,117,29,3,70
5,6,7,117,28,2,60
5,6,8,114,25,3,70
5,6,9,121,22,2,60
5,6,10,112,22,2,50
5,6,11,126,27,2,50
5,6,12,123,33,3,68
5,6,13,113,26,3,70
5,6,14,114,27,3,70
5,6,15,97,17,3,68
5,6,16,112,21,3,72
5,6,17,108,22,3,78
5,6,18,111,25,3,68
5,6,19,113,26,2,58
5,6,20,114,30,2,60
5,6,21,119,31,3,70
5,6,22,103,25,3,72
5,6,23,125,31,3,78
5,6,24,117,30,3,75
5,6,25,121,29,3,70
5,6,26,107,28,3,68
5,6,27,118,25,3,72
5,6,28,92,17,3,68
5,6,29,94,22,3,70
5,6,30,97,23,3,68
5,6,31,123,33,3,72
5,6,32,125,34,3,68
5,6,33,117,32,2,65
5,6,34,121,33,2,60
5,6,35,119,32,3,72
5,6,36,90,13,3,70
5,6,37,117,25,3,68
5,6,38,126,33,3,68
5,6,39,120,31,3,78
5,6,40,118,32,3,78
6,1,1,118,31,3,78
6,1,2,107,28,3,80
6,1,3,102,22,3,90
6,1,4,110,26,3,78
6,1,5,102,24,3,80
6,1,6,125,32,3,78
6,1,7,131,37,3,80
6,1,8,126,36,3,80
6,1,9,95,22,3,78
6,1,10,104,26,3,82
6,1,11,98,26,3,82
6,1,12,92,24,3,70
6,1,13,90,22,3,80
6,1,14,102,23,3,92
6,1,15,113,29,3,78
6,1,16,92,19,3,80
6,1,17,84,18,3,80
6,1,18,89,19,3,68
6,1,19,82,17,3,68
6,1,20,98,22,3,85
6,1,21,109,25,3,85
6,1,22,89,22,3,70
6,1,23,87,22,3,80
6,1,24,122,28,3,80
6,1,25,101,22,3,82
6,1,26,112,28,3,80
6,1,27,109,34,3,80
6,1,28,104,28,3,78
6,1,29,112,32,3,80
6,1,30,111,30,3,78
6,1,31,122,32,3,85
6,1,32,105,27,3,70
6,1,33,100,22,3,85
6,1,34,116,27,3,80
6,1,35,90,24,3,68
6,1,36,122,21,3,80
6,1,37,109,28,3,80
6,1,38,105,28,3,70
6,1,39,112,28,3,85
6,1,40,102,23,3,70
6,2,1,116,28,3,78
6,2,2,105,28,3,70
6,2,3,128,34,3,80
6,2,4,92,26,3,82
6,2,5,120,32,3,78
6,2,6,102,27,3,82
6,2,7,110,25,3,78
6,2,8,112,28,3,80
6,2,9,98,22,3,70
6,2,10,105,25,3,82
6,2,11,130,32,3,85
6,2,12,100,24,3,70
6,2,13,105,27,3,80
6,2,14,104,28,3,85
6,2,15,100,23,3,82
6,2,16,106,28,3,82
6,2,17,102,28,3,85
6,2,18,104,27,3,82
6,2,19,100,25,3,82
6,2,20,102,24,3,82
6,2,21,108,28,3,78
6,2,22,118,30,3,82
6,2,23,102,18,3,70
6,2,24,106,25,3,72
6,2,25,115,25,3,85
6,2,26,86,17,3,70
6,2,27,88,18,3,60
6,2,28,112,27,3,80
6,2,29,105,26,3,78
6,2,30,91,26,3,82
6,2,31,103,26,3,82
6,2,32,108,27,3,78
6,2,33,86,22,3,78
6,2,34,84,18,3,68
6,2,35,98,25,3,78
6,2,36,104,28,3,78
6,2,37,100,22,3,68
6,2,38,112,27,3,80
6,2,39,110,29,3,80
6,2,40,101,28,3,78
6,3,1,104,27,3,78
6,3,2,126,32,3,80
6,3,3,90,24,3,78
6,3,4,120,30,3,80
6,3,5,104,27,3,78
6,3,6,105,28,3,80
6,3,7,104,27,3,80
6,3,8,105,27,3,80
6,3,9,106,27,3,78
6,3,10,128,34,3,68
6,3,11,118,32,3,72
6,3,12,98,25,3,78
6,3,13,106,27,3,80
6,3,14,108,28,3,82
6,3,15,103,26,3,80
6,3,16,112,26,3,78
6,3,17,109,28,3,80
6,3,18,102,27,3,78
6,3,19,108,29,3,78
6,3,20,117,30,3,80
6,3,21,86,22,3,80
6,3,22,115,25,3,80
6,3,23,125,31,3,78
6,3,24,122,33,3,78
6,3,25,84,18,3,82
6,3,26,86,22,3,80
6,3,27,88,19,3,78
6,3,28,90,25,3,78
6,3,29,111,29,3,72
6,3,30,110,28,3,78
6,3,31,108,26,3,72
6,3,32,103,25,3,80
6,3,33,116,26,3,75
6,3,34,118,31,3,78
6,3,35,129,30,3,80
6,3,36,115,25,3,78
6,3,37,86,22,3,78
6,3,38,100,22,3,78
6,3,39,84,18,3,80
6,3,40,88,19,3,78
6,4,1,115,31,3,82
6,4,2,120,32,3,85
6,4,3,92,20,3,68
6,4,4,115,30,3,85
6,4,5,118,30,3,80
6,4,6,119,32,3,80
6,4,7,104,28,3,82
6,4,8,128,32,3,90
6,4,9,106,26,3,70
6,4,10,97,23,3,70
6,4,11,100,25,3,68
6,4,12,111,28,3,82
6,4,13,98,21,3,85
6,4,14,100,23,3,78
6,4,15,99,27,3,80
6,4,16,129,35,3,78
6,4,17,108,28,3,70
6,4,18,107,26,3,82
6,4,19,118,28,3,70
6,4,20,128,32,3,78
6,4,21,122,32,3,68
6,4,22,122,31,3,70
6,4,23,83,18,3,68
6,4,24,89,20,3,70
6,4,25,117,26,3,78
6,4,26,116,20,3,78
6,4,27,100,25,3,70
6,4,28,108,28,3,82
6,4,29,108,26,3,85
6,4,30,123,30,3,90
6,4,31,98,25,3,70
6,4,32,118,28,3,90
6,4,33,92,23,3,78
6,4,34,92,18,3,68
6,4,35,110,28,3,70
6,4,36,109,29,3,78
6,4,37,90,21,3,70
6,4,38,123,32,3,82
6,4,39,115,21,3,78
6,4,40,125,32,3,70
6,5,1,110,28,3,78
6,5,2,107,28,3,70
6,5,3,109,31,3,78
6,5,4,113,32,3,80
6,5,5,124,32,3,80
6,5,6,113,30,3,70
6,5,7,97,22,3,70
6,5,8,107,24,3,80
6,5,9,115,29,3,82
6,5,10,117,28,3,80
6,5,11,100,22,3,85
6,5,12,87,20,3,85
6,5,13,90,21,3,68
6,5,14,87,19,3,70
6,5,15,118,31,3,78
6,5,16,96,26,3,78
6,5,17,122,33,3,85
6,5,18,126,36,3,80
6,5,19,97,25,3,80
6,5,20,111,28,3,70
6,5,21,82,14,3,70
6,5,22,109,31,3,85
6,5,23,81,18,3,82
6,5,24,108,26,3,82
6,5,25,111,27,3,78
6,5,26,97,23,3,70
6,5,27,98,25,3,72
6,5,28,115,30,3,70
6,5,29,120,27,3,78
6,5,30,112,27,3,82
6,5,31,82,17,3,60
6,5,32,106,27,3,70
6,5,33,87,15,3,68
6,5,34,92,NA,3,NA
6,5,35,99,25,3,90
6,5,36,92,22,3,70
6,5,37,110,26,3,85
6,5,38,112,25,3,80
6,5,39,116,34,3,85
6,5,40,100,22,3,78
6,6,1,92,21,3,72
6,6,2,96,21,3,82
6,6,3,106,28,3,85
6,6,4,130,37,3,85
6,6,5,100,25,3,78
6,6,6,104,26,3,72
6,6,7,102,25,3,90
6,6,8,89,20,3,80
6,6,9,117,21,3,80
6,6,10,106,27,3,82
6,6,11,107,23,3,78
6,6,12,115,32,3,82
6,6,13,102,27,3,82
6,6,14,102,25,3,70
6,6,15,110,26,3,68
6,6,16,93,18,3,70
6,6,17,104,26,3,72
6,6,18,102,26,3,70
6,6,19,94,22,3,70
6,6,20,110,25,3,70
6,6,21,105,26,3,78
6,6,22,98,25,3,78
6,6,23,110,25,3,70
6,6,24,108,28,3,82
6,6,25,105,27,3,78
6,6,26,108,26,3,80
6,6,27,92,21,3,78
6,6,28,104,26,3,85
6,6,29,133,37,3,78
6,6,30,105,26,3,72
6,6,31,108,27,3,70
6,6,32,104,26,3,72
6,6,33,116,22,3,78
6,6,34,126,32,3,80
6,6,35,120,30,3,78
6,6,36,107,25,3,78
6,6,37,105,26,3,80
6,6,38,108,26,3,78
6,6,39,110,26,3,80
6,6,40,111,27,3,82
6,7,1,100,24,3,82
6,7,2,128,33,3,78
6,7,3,123,30,3,72
6,7,4,127,31,3,80
6,7,5,118,28,3,80
6,7,6,107,26,3,78
6,7,7,108,28,3,70
6,7,8,102,24,3,80
6,7,9,99,22,3,85
6,7,10,110,26,3,82
6,7,11,102,25,3,80
6,7,12,98,24,3,78
6,7,13,107,26,3,82
6,7,14,126,30,3,78
6,7,15,103,27,3,85
6,7,16,118,32,3,82
6,7,17,117,29,3,80
6,7,18,114,29,3,80
6,7,19,94,22,3,80
6,7,20,115,31,3,78
6,7,21,123,29,3,72
6,7,22,114,22,3,70
6,7,23,122,24,3,80
6,7,24,92,23,3,82
6,7,25,116,26,3,80
6,7,26,124,34,3,85
6,7,27,91,22,3,80
6,7,28,92,23,3,68
6,7,29,119,29,3,78
6,7,30,106,26,3,82
6,7,31,108,28,3,68
6,7,32,85,19,3,68
6,7,33,116,26,3,78
6,7,34,115,25,3,72
6,7,35,128,31,3,68
6,7,36,124,31,3,78
6,7,37,90,20,3,80
6,7,38,92,23,3,68
6,7,39,98,24,3,72
6,7,40,84,18,3,70
6,8,1,116,29,3,78
6,8,2,114,27,3,85
6,8,3,106,25,3,80
6,8,4,98,23,3,85
6,8,5,115,24,3,70
6,8,6,126,34,3,90
6,8,7,114,27,3,68
6,8,8,109,28,3,70
6,8,9,107,26,3,75
6,8,10,110,29,3,78
6,8,11,112,29,3,72
6,8,12,98,26,3,72
6,8,13,125,35,3,78
6,8,14,122,32,3,80
6,8,15,94,24,3,80
6,8,16,117,30,3,70
6,8,17,86,19,3,82
6,8,18,91,22,3,80
6,8,19,88,21,3,85
6,8,20,102,24,3,85
6,8,21,100,23,3,68
6,8,22,115,33,3,70
6,8,23,111,24,3,72
6,8,24,110,24,3,78
6,8,25,92,21,3,78
6,8,26,88,15,3,85
6,8,27,106,26,3,80
6,8,28,82,19,3,82
6,8,29,112,27,3,82
6,8,30,119,26,3,78
6,8,31,114,29,3,80
6,8,32,99,26,3,68
6,8,33,98,25,3,68
6,8,34,116,25,3,85
6,8,35,111,27,3,78
6,8,36,107,28,3,80
6,8,37,113,30,3,80
6,8,38,108,28,3,85
6,8,39,80,15,3,68
6,8,40,87,18,3,68
6,9,1,115,26,3,70
6,9,2,90,24,3,72
6,9,3,123,20,3,78
6,9,4,109,29,3,70
6,9,5,106,29,3,70
6,9,6,114,30,3,68
6,9,7,102,23,3,72
6,9,8,96,23,3,68
6,9,9,125,35,3,70
6,9,10,118,30,3,70
6,9,11,107,28,3,78
6,9,12,102,22,3,80
6,9,13,110,29,3,82
6,9,14,104,24,3,70
6,9,15,122,30,3,72
6,9,16,130,36,3,78
6,9,17,104,24,3,78
6,9,18,112,26,3,80
6,9,19,108,28,3,82
6,9,20,101,23,3,70
6,9,21,98,22,3,68
6,9,22,112,30,3,72
6,9,23,105,29,3,72
6,9,24,108,33,3,78
6,9,25,111,28,3,78
6,9,26,100,22,3,72
6,9,27,120,20,3,78
6,9,28,82,16,3,68
6,9,29,84,18,3,68
6,9,30,125,30,3,72
6,9,31,130,36,3,72
6,9,32,113,27,3,70
6,9,33,104,26,3,72
6,9,34,102,24,3,70
6,9,35,116,27,3,78
6,9,36,84,18,3,68
6,9,37,85,18,3,72
6,9,38,87,19,3,72
6,9,39,90,20,3,72
6,9,40,105,25,3,72
7,1,1,102,28,3,80
7,1,2,91,21,3,78
7,1,3,106,22,3,78
7,1,4,89,17,3,78
7,1,5,82,16,3,60
7,1,6,102,26,3,82
7,1,7,81,21,3,60
7,1,8,86,20,3,62
7,1,9,92,21,3,68
7,1,10,95,17,3,68
7,1,11,102,26,3,78
7,1,12,107,24,3,72
7,1,13,86,18,3,60
7,1,14,88,22,3,80
7,1,15,92,22,3,68
7,1,16,90,20,3,85
7,1,17,97,21,3,70
7,1,18,86,16,3,68
7,1,19,92,20,3,60
7,1,20,80,21,3,60
7,1,21,102,24,3,68
7,1,22,94,21,3,82
7,1,23,96,22,3,78
7,1,24,80,18,3,68
7,1,25,87,20,3,85
7,1,26,102,22,3,82
7,1,27,110,26,3,85
7,1,28,87,20,3,72
7,1,29,88,22,3,68
7,1,30,107,26,3,70
7,1,31,110,30,3,72
7,1,32,92,25,3,78
7,1,33,87,20,3,68
7,1,34,87,20,3,70
7,1,35,82,20,3,60
7,1,36,91,21,3,68
7,1,37,112,28,3,85
7,1,38,90,20,3,68
7,1,39,102,26,3,70
7,1,40,80,17,3,68
7,2,1,116,28,3,78
7,2,2,85,19,3,68
7,2,3,105,20,3,70
7,2,4,108,26,3,78
7,2,5,115,29,3,70
7,2,6,112,31,3,78
7,2,7,104,29,3,78
7,2,8,108,29,3,72
7,2,9,114,32,3,82
7,2,10,112,28,3,82
7,2,11,116,30,3,78
7,2,12,126,32,3,82
7,2,13,110,28,3,60
7,2,14,110,27,3,70
7,2,15,81,21,3,70
7,2,16,96,25,3,60
7,2,17,112,27,3,68
7,2,18,107,26,3,70
7,2,19,100,22,3,78
7,2,20,98,25,3,68
7,2,21,92,21,3,70
7,2,22,112,22,3,82
7,2,23,108,25,3,68
7,2,24,116,30,3,82
7,2,25,115,27,3,80
7,2,26,88,12,3,72
7,2,27,99,25,3,90
7,2,28,102,28,3,78
7,2,29,112,28,3,80
7,2,30,114,31,3,80
7,2,31,105,28,3,82
7,2,32,102,28,3,82
7,2,33,100,22,3,70
7,2,34,100,25,3,78
7,2,35,97,25,3,82
7,2,36,91,22,3,60
7,2,37,87,21,3,70
7,2,38,87,16,3,60
7,2,39,87,22,3,60
7,2,40,86,16,3,60
7,3,1,104,28,3,78
7,3,2,94,22,3,85
7,3,3,110,30,3,82
7,3,4,112,28,3,78
7,3,5,110,32,3,82
7,3,6,102,25,3,70
7,3,7,112,28,3,70
7,3,8,102,24,3,78
7,3,9,114,30,3,82
7,3,10,104,26,3,70
7,3,11,90,20,3,70
7,3,12,106,28,3,70
7,3,13,95,27,3,78
7,3,14,100,25,3,70
7,3,15,90,21,3,70
7,3,16,102,28,3,68
7,3,17,59,7,3,40
7,3,18,100,25,3,85
7,3,19,107,28,3,78
7,3,20,106,26,3,70
7,3,21,91,20,3,70
7,3,22,85,18,3,60
7,3,23,85,20,3,68
7,3,24,85,21,3,60
7,3,25,94,24,3,68
7,3,26,112,31,3,90
7,3,27,88,22,3,80
7,3,28,114,32,3,82
7,3,29,110,28,3,78
7,3,30,92,21,3,68
7,3,31,94,25,3,70
7,3,32,112,28,3,82
7,3,33,118,32,3,70
7,3,34,109,27,3,75
7,3,35,90,20,3,60
7,3,36,83,18,3,72
7,3,37,102,26,3,70
7,3,38,89,23,3,80
7,3,39,107,27,3,78
7,3,40,103,25,3,70
7,4,1,94,21,3,72
7,4,2,95,17,3,95
7,4,3,86,15,3,60
7,4,4,86,20,3,85
7,4,5,87,22,3,72
7,4,6,87,13,3,50
7,4,7,104,26,3,70
7,4,8,90,22,3,60
7,4,9,92,23,3,70
7,4,10,120,32,3,82
7,4,11,95,16,3,72
7,4,12,87,20,3,70
7,4,13,114,32,3,70
7,4,14,115,32,3,85
7,4,15,92,22,3,68
7,4,16,90,22,3,78
7,4,17,104,25,3,85
7,4,18,87,20,3,78
7,4,19,105,25,3,85
7,4,20,97,21,3,70
7,4,21,95,18,3,82
7,4,22,92,21,3,80
7,4,23,89,21,3,70
7,4,24,118,32,3,82
7,4,25,85,18,3,68
7,4,26,85,20,3,80
7,4,27,102,26,3,78
7,4,28,108,28,3,78
7,4,29,115,27,3,78
7,4,30,99,25,3,82
7,4,31,90,16,3,50
7,4,32,86,15,3,50
7,4,33,90,22,3,68
7,4,34,85,15,3,58
7,4,35,110,27,3,82
7,4,36,112,28,3,70
7,4,37,98,23,3,85
7,4,38,100,22,3,80
7,4,39,112,28,3,85
7,4,40,99,22,3,78
7,5,1,105,26,3,80
7,5,2,110,27,3,78
7,5,3,109,26,3,90
7,5,4,106,25,3,78
7,5,5,100,24,3,90
7,5,6,120,29,3,82
7,5,7,121,29,3,82
7,5,8,106,27,3,78
7,5,9,98,25,3,70
7,5,10,110,27,3,72
7,5,11,111,28,3,80
7,5,12,97,24,3,78
7,5,13,104,24,3,80
7,5,14,110,28,3,82
7,5,15,111,29,3,80
7,5,16,99,25,3,78
7,5,17,97,23,3,78
7,5,18,120,30,3,82
7,5,19,99,19,3,78
7,5,20,98,18,3,78
7,5,21,94,21,3,72
7,5,22,86,20,3,78
7,5,23,87,13,3,68
7,5,24,92,21,3,70
7,5,25,97,21,3,78
7,5,26,111,27,3,85
7,5,27,112,28,3,82
7,5,28,115,27,3,80
7,5,29,118,31,3,78
7,5,30,108,28,3,80
7,5,31,102,26,3,78
7,5,32,104,24,3,80
7,5,33,96,20,3,78
7,5,34,86,15,3,60
7,5,35,90,22,3,70
7,5,36,112,28,3,78
7,5,37,110,27,3,82
7,5,38,100,22,3,68
7,5,39,98,21,3,78
7,5,40,99,22,3,80
7,6,1,108,25,3,85
7,6,2,105,20,3,80
7,6,3,113,30,3,78
7,6,4,107,26,3,82
7,6,5,112,27,3,80
7,6,6,115,28,3,82
7,6,7,98,25,3,78
7,6,8,110,28,3,80
7,6,9,110,27,3,82
7,6,10,112,28,3,78
7,6,11,104,26,3,78
7,6,12,108,29,3,82
7,6,13,116,30,3,80
7,6,14,112,28,3,78
7,6,15,114,32,3,80
7,6,16,104,29,3,78
7,6,17,108,27,3,80
7,6,18,110,28,3,82
7,6,19,107,26,3,78
7,6,20,104,29,3,80
7,6,21,108,29,3,78
7,6,22,116,30,3,78
7,6,23,98,25,3,82
7,6,24,96,23,3,80
7,6,25,113,23,3,78
7,6,26,108,25,3,80
7,6,27,115,27,3,82
7,6,28,116,30,3,78
7,6,29,99,25,3,80
7,6,30,112,28,3,78
7,6,31,114,31,3,80
7,6,32,116,30,3,78
7,6,33,115,27,3,80
7,6,34,99,25,3,80
7,6,35,112,28,3,78
7,6,36,105,27,3,80
7,6,37,100,22,3,78
7,6,38,102,28,3,82
7,6,39,100,22,3,80
7,6,40,91,22,3,60
8,1,1,117,29,3,78
8,1,2,117,30,3,80
8,1,3,90,22,3,60
8,1,4,110,28,3,70
8,1,5,125,34,3,82
8,1,6,112,31,3,72
8,1,7,114,28,3,78
8,1,8,122,32,3,70
8,1,9,120,34,3,80
8,1,10,82,16,3,82
8,1,11,132,32,3,82
8,1,12,119,32,3,78
8,1,13,85,20,3,82
8,1,14,120,30,3,80
8,1,15,112,29,3,82
8,1,16,118,32,3,95
8,1,17,124,34,3,92
8,1,18,118,32,3,85
8,1,19,114,32,3,82
8,1,20,118,32,3,78
8,1,21,87,22,3,70
8,1,22,118,32,3,82
8,1,23,102,28,3,62
8,1,24,120,33,3,70
8,1,25,110,28,3,82
8,1,26,108,18,3,78
8,1,27,106,28,3,70
8,1,28,120,31,3,85
8,1,29,106,27,3,70
8,1,30,122,28,3,78
8,1,31,126,36,3,78
8,1,32,117,32,3,82
8,1,33,104,22,3,82
8,1,34,106,27,3,82
8,1,35,115,32,3,78
8,1,36,116,30,3,82
8,1,37,112,28,3,80
8,1,38,95,25,3,82
8,1,39,117,31,3,82
8,1,40,118,32,3,78
8,2,1,122,32,3,78
8,2,2,110,28,3,72
8,2,3,121,32,3,85
8,2,4,108,26,3,82
8,2,5,128,37,3,82
8,2,6,123,35,3,90
8,2,7,127,30,3,78
8,2,8,122,32,3,70
8,2,9,110,32,3,82
8,2,10,93,20,3,80
8,2,11,118,32,3,78
8,2,12,106,24,3,82
8,2,13,112,30,3,82
8,2,14,118,30,3,78
8,2,15,113,28,3,82
8,2,16,102,26,3,72
8,2,17,116,32,3,85
8,2,18,110,32,3,78
8,2,19,119,32,3,80
8,2,20,112,30,3,82
8,2,21,105,28,3,78
8,2,22,108,28,3,70
8,2,23,116,32,3,78
8,2,24,112,24,3,78
8,2,25,111,20,3,70
8,2,26,122,32,3,78
8,2,27,87,22,3,68
8,2,28,114,30,3,70
8,2,29,124,36,3,78
8,2,30,121,32,3,78
8,2,31,123,35,3,80
8,2,32,110,27,3,78
8,2,33,117,31,3,80
8,2,34,118,31,3,82
8,2,35,119,32,3,82
8,2,36,112,27,3,82
8,2,37,113,28,3,82
8,2,38,115,31,3,82
8,2,39,116,32,3,82
8,2,40,86,21,3,78
8,3,1,102,25,3,82
8,3,2,122,32,3,80
8,3,3,110,28,3,70
8,3,4,122,32,3,90
8,3,5,120,34,3,85
8,3,6,109,28,3,80
8,3,7,117,30,3,80
8,3,8,118,32,3,85
8,3,9,112,27,3,85
8,3,10,105,28,3,82
8,3,11,117,30,3,82
8,3,12,122,29,3,78
8,3,13,100,28,3,80
8,3,14,112,32,3,78
8,3,15,112,28,3,82
8,3,16,123,30,3,78
8,3,17,90,18,3,85
8,3,18,128,32,3,78
8,3,19,115,32,3,82
8,3,20,108,25,3,85
8,3,21,128,38,3,70
8,3,22,114,28,3,78
8,3,23,82,17,3,68
8,3,24,86,18,3,70
8,3,25,106,29,3,82
8,3,26,128,34,3,80
8,3,27,112,30,3,78
8,3,28,104,27,3,78
8,3,29,114,32,3,85
8,3,30,104,26,3,80
8,3,31,122,33,3,78
8,3,32,108,27,3,85
8,3,33,120,34,3,82
8,3,34,123,34,3,82
8,3,35,128,38,3,80
8,3,36,113,27,3,82
8,3,37,117,29,3,78
8,3,38,120,34,3,80
8,3,39,87,19,3,72
8,3,40,86,18,3,68
8,4,1,102,30,3,82
8,4,2,122,32,3,80
8,4,3,126,32,3,95
8,4,4,104,25,3,78
8,4,5,105,28,3,82
8,4,6,108,26,3,82
8,4,7,112,32,3,78
8,4,8,114,32,3,82
8,4,9,87,22,3,78
8,4,10,112,28,3,95
8,4,11,117,30,3,78
8,4,12,116,32,3,85
8,4,13,112,32,3,80
8,4,14,91,22,3,68
8,4,15,87,22,3,60
8,4,16,112,32,3,85
8,4,17,111,30,3,80
8,4,18,116,26,3,85
8,4,19,110,28,3,78
8,4,20,107,27,3,95
8,4,21,110,28,3,78
8,4,22,112,32,3,80
8,4,23,80,NA,3,68
8,4,24,107,25,3,80
8,4,25,109,30,3,78
8,4,26,107,30,3,85
8,4,27,111,29,3,78
8,4,28,108,32,3,80
8,4,29,108,26,3,80
8,4,30,99,26,3,82
8,4,31,81,18,3,68
8,4,32,118,34,3,92
8,4,33,105,25,3,78
8,4,34,106,28,3,80
8,4,35,100,25,3,70
8,4,36,103,25,3,78
8,4,37,91,23,3,68
8,4,38,106,29,3,70
8,4,39,113,29,3,78
8,4,40,116,32,3,80
8,5,1,120,34,3,80
8,5,2,120,26,3,82
8,5,3,92,22,3,78
8,5,4,116,30,3,82
8,5,5,109,31,3,80
8,5,6,107,27,3,80
8,5,7,115,28,3,70
8,5,8,90,22,3,78
8,5,9,102,26,3,78
8,5,10,100,25,3,80
8,5,11,102,26,3,68
8,5,12,130,33,3,70
8,5,13,106,27,3,78
8,5,14,120,32,3,70
8,5,15,107,27,3,70
8,5,16,102,25,3,72
8,5,17,97,25,3,90
8,5,18,112,32,3,85
8,5,19,89,23,3,82
8,5,20,102,28,3,78
8,5,21,105,27,3,68
8,5,22,113,30,3,80
8,5,23,106,25,3,70
8,5,24,116,29,3,78
8,5,25,100,26,3,68
8,5,26,88,16,3,60
8,5,27,92,22,3,78
8,5,28,111,30,3,70
8,5,29,95,23,3,78
8,5,30,111,31,3,90
8,5,31,87,21,3,70
8,5,32,96,24,3,72
8,5,33,98,26,3,72
8,5,34,106,26,3,72
8,5,35,109,31,3,70
8,5,36,114,28,3,72
8,5,37,112,32,3,75
8,5,38,120,27,3,70
8,5,39,106,26,3,72
8,5,40,100,25,3,70
8,6,1,112,28,3,82
8,6,2,116,27,3,68
8,6,3,123,35,3,70
8,6,4,105,28,3,82
8,6,5,109,26,3,60
8,6,6,115,28,3,78
8,6,7,110,25,3,85
8,6,8,110,30,3,78
8,6,9,104,27,3,78
8,6,10,102,26,3,78
8,6,11,122,33,3,80
8,6,12,115,28,3,80
8,6,13,106,27,3,82
8,6,14,106,24,3,70
8,6,15,82,19,3,60
8,6,16,107,23,3,80
8,6,17,107,29,3,70
8,6,18,116,32,3,80
8,6,19,115,32,3,85
8,6,20,114,18,3,80
8,6,21,98,24,3,82
8,6,22,89,19,3,60
8,6,23,120,32,3,70
8,6,24,97,24,3,82
8,6,25,94,22,3,60
8,6,26,87,14,3,60
8,6,27,120,30,3,70
8,6,28,112,28,3,82
8,6,29,90,21,3,82
8,6,30,120,33,3,92
8,6,31,107,24,3,70
8,6,32,116,32,3,78
8,6,33,115,32,3,72
8,6,34,112,27,3,80
8,6,35,108,25,3,78
8,6,36,114,20,3,78
8,6,37,108,20,3,80
8,6,38,87,19,3,72
8,6,39,95,22,3,70
8,6,40,85,18,3,70
8,7,1,112,28,3,78
8,7,2,117,26,3,82
8,7,3,116,32,3,78
8,7,4,83,16,3,80
8,7,5,116,30,3,80
8,7,6,107,28,3,85
8,7,7,121,30,3,85
8,7,8,110,28,3,80
8,7,9,110,30,3,70
8,7,10,97,25,3,85
8,7,11,126,35,3,85
8,7,12,115,29,3,80
8,7,13,86,20,3,80
8,7,14,111,22,3,70
8,7,15,117,31,3,78
8,7,16,122,34,3,78
8,7,17,110,28,3,78
8,7,18,107,27,3,85
8,7,19,106,31,3,70
8,7,20,107,30,3,78
8,7,21,100,22,3,80
8,7,22,127,33,3,70
8,7,23,114,32,3,78
8,7,24,113,30,3,78
8,7,25,118,32,3,82
8,7,26,114,32,3,82
8,7,27,103,25,3,90
8,7,28,110,27,3,70
8,7,29,102,26,3,80
8,7,30,118,32,3,85
8,7,31,116,28,3,85
8,7,32,118,32,3,82
8,7,33,107,31,3,78
8,7,34,98,26,3,85
8,7,35,83,16,3,80
8,7,36,97,24,3,78
8,7,37,126,32,3,78
8,7,38,100,24,3,78
8,7,39,106,30,3,80
8,7,40,107,31,3,80
8,8,1,118,34,3,78
8,8,2,110,29,3,80
8,8,3,128,29,3,78
8,8,4,121,32,3,80
8,8,5,120,32,3,68
8,8,6,118,32,3,92
8,8,7,144,42,3,80
8,8,8,118,32,3,80
8,8,9,113,28,3,82
8,8,10,112,25,3,70
8,8,11,126,32,3,85
8,8,12,106,25,3,90
8,8,13,92,22,3,80
8,8,14,108,26,3,80
8,8,15,120,31,3,70
8,8,16,108,29,3,82
8,8,17,114,26,3,80
8,8,18,114,30,3,80
8,8,19,98,25,3,60
8,8,20,128,35,3,82
8,8,21,114,31,3,82
8,8,22,108,28,3,60
8,8,23,112,30,3,82
8,8,24,112,28,3,80
8,8,25,128,30,3,78
8,8,26,115,30,3,78
8,8,27,100,26,3,82
8,8,28,108,22,3,82
8,8,29,114,30,3,78
8,8,30,107,21,3,78
8,8,31,125,31,3,78
8,8,32,110,29,3,78
8,8,33,127,34,3,80
8,8,34,126,33,3,78
8,8,35,113,27,3,75
8,8,36,112,25,3,78
8,8,37,92,23,3,80
8,8,38,102,20,3,82
8,8,39,108,22,3,70
8,8,40,107,21,3,78
8,9,1,117,30,3,85
8,9,2,109,28,3,82
8,9,3,110,28,3,72
8,9,4,122,30,3,80
8,9,5,102,25,3,82
8,9,6,127,37,3,70
8,9,7,108,25,3,82
8,9,8,121,32,3,80
8,9,9,112,28,3,72
8,9,10,122,31,3,78
8,9,11,115,31,3,80
8,9,12,108,24,3,78
8,9,13,126,36,3,80
8,9,14,114,28,3,78
8,9,15,86,17,3,60
8,9,16,82,15,3,60
8,9,17,115,31,3,82
8,9,18,126,32,3,80
8,9,19,90,17,3,78
8,9,20,122,28,3,72
8,9,21,114,32,3,78
8,9,22,114,28,3,72
8,9,23,99,27,3,78
8,9,24,122,29,3,72
8,9,25,116,29,3,80
8,9,26,117,30,3,82
8,9,27,120,32,3,85
8,9,28,122,33,3,82
8,9,29,118,30,3,80
8,9,30,112,27,3,80
8,9,31,108,28,3,78
8,9,32,123,33,3,80
8,9,33,128,38,3,78
8,9,34,114,28,3,80
8,9,35,121,30,3,85
8,9,36,120,28,3,82
8,9,37,86,18,3,68
8,9,38,82,15,3,68
8,9,39,104,26,3,70
8,9,40,102,24,3,72
8,10,1,128,34,3,80
8,10,2,96,26,3,78
8,10,3,120,30,3,80
8,10,4,113,27,3,78
8,10,5,112,26,3,78
8,10,6,118,32,3,80
8,10,7,120,31,3,78
8,10,8,118,30,3,80
8,10,9,125,31,3,78
8,10,10,107,26,3,80
8,10,11,94,22,3,78
8,10,12,128,34,3,80
8,10,13,114,30,3,82
8,10,14,107,27,3,78
8,10,15,113,29,3,80
8,10,16,127,29,3,78
8,10,17,114,29,3,82
8,10,18,102,28,3,78
8,10,19,115,30,3,82
8,10,20,108,22,3,80
8,10,21,124,30,3,78
8,10,22,112,30,3,80
8,10,23,126,33,3,82
8,10,24,127,34,3,85
8,10,25,113,28,3,78
8,10,26,112,27,3,80
8,10,27,125,31,3,80
8,10,28,107,26,3,82
8,10,29,113,25,3,78
8,10,30,126,33,3,80
8,10,31,108,23,3,78
8,10,32,111,27,3,78
8,10,33,117,30,3,80
8,10,34,114,29,3,78
8,10,35,114,30,3,80
8,10,36,100,25,3,68
8,10,37,128,35,3,80
8,10,38,115,31,3,72
8,10,39,92,23,3,68
8,10,40,108,24,3,72
9,1,1,110,28,3,95
9,1,2,110,27,3,90
9,1,3,107,26,3,85
9,1,4,111,27,3,88
9,1,5,116,28,3,90
9,1,6,110,32,3,85
9,1,7,110,28,3,78
9,1,8,102,24,3,72
9,1,9,110,28,3,72
9,1,10,90,22,3,68
9,1,11,112,30,3,82
9,1,12,112,27,3,78
9,1,13,114,33,3,80
9,1,14,102,25,3,68
9,1,15,108,28,3,80
9,1,16,110,30,3,78
9,1,17,121,31,3,70
9,1,18,107,28,3,68
9,1,19,107,30,3,90
9,1,20,107,30,3,85
9,1,21,112,28,3,80
9,1,22,110,31,3,68
9,1,23,98,22,3,72
9,1,24,110,30,3,80
9,1,25,110,29,3,92
9,1,26,102,27,3,70
9,1,27,92,21,3,80
9,1,28,98,22,3,70
9,1,29,102,27,3,78
9,1,30,92,24,3,80
9,1,31,104,28,3,78
9,1,32,100,26,3,60
9,1,33,108,30,3,78
9,1,34,111,29,3,70
9,1,35,92,21,3,78
9,1,36,108,29,3,80
9,1,37,110,30,3,80
9,1,38,102,27,3,78
9,1,39,106,29,3,78
9,1,40,106,29,3,80
9,2,1,100,28,3,70
9,2,2,116,30,3,85
9,2,3,114,30,3,82
9,2,4,92,23,3,78
9,2,5,98,28,3,72
9,2,6,116,27,3,70
9,2,7,117,28,3,82
9,2,8,106,25,3,82
9,2,9,110,28,3,70
9,2,10,118,34,3,78
9,2,11,106,28,3,70
9,2,12,100,25,3,82
9,2,13,91,16,3,50
9,2,14,92,17,3,62
9,2,15,98,26,3,70
9,2,16,106,28,3,70
9,2,17,85,13,3,68
9,2,18,107,27,3,68
9,2,19,112,31,3,78
9,2,20,102,25,3,70
9,2,21,88,20,3,80
9,2,22,105,28,3,78
9,2,23,109,27,3,80
9,2,24,112,31,3,85
9,2,25,98,25,3,80
9,2,26,84,21,3,80
9,2,27,98,26,3,80
9,2,28,102,24,3,78
9,2,29,112,26,3,70
9,2,30,92,22,3,70
9,2,31,92,18,3,60
9,2,32,117,29,3,70
9,2,33,94,22,3,82
9,2,34,96,22,3,70
9,2,35,96,22,3,68
9,2,36,109,26,3,80
9,2,37,110,26,3,68
9,2,38,109,25,3,80
9,2,39,107,27,3,78
9,2,40,96,26,3,68
9,3,1,92,22,3,78
9,3,2,99,20,3,72
9,3,3,108,28,3,78
9,3,4,94,18,3,62
9,3,5,104,21,3,72
9,3,6,113,29,3,70
9,3,7,112,32,3,82
9,3,8,103,26,3,80
9,3,9,111,29,3,80
9,3,10,104,26,3,60
9,3,11,99,22,3,80
9,3,12,114,29,3,70
9,3,13,102,27,3,70
9,3,14,108,26,3,80
9,3,15,90,21,3,68
9,3,16,106,29,3,82
9,3,17,108,27,3,82
9,3,18,109,29,3,70
9,3,19,112,30,3,82
9,3,20,106,28,3,82
9,3,21,105,28,3,82
9,3,22,88,22,3,68
9,3,23,111,28,3,78
9,3,24,99,27,3,80
9,3,25,110,29,3,82
9,3,26,110,28,3,82
9,3,27,97,17,3,68
9,3,28,104,27,3,82
9,3,29,127,33,3,85
9,3,30,95,18,3,60
9,3,31,100,26,3,70
9,3,32,96,18,3,60
9,3,33,106,29,3,68
9,3,34,92,21,3,85
9,3,35,98,26,3,82
9,3,36,105,24,3,85
9,3,37,105,26,3,68
9,3,38,102,26,3,68
9,3,39,110,30,3,80
9,3,40,112,30,3,82
9,4,1,108,30,3,80
9,4,2,106,28,3,70
9,4,3,90,22,3,78
9,4,4,117,30,3,78
9,4,5,111,28,3,70
9,4,6,94,25,3,70
9,4,7,107,30,3,68
9,4,8,102,26,3,85
9,4,9,106,29,3,70
9,4,10,87,22,3,78
9,4,11,107,28,3,70
9,4,12,92,22,3,70
9,4,13,107,27,3,70
9,4,14,103,25,3,82
9,4,15,99,24,3,82
9,4,16,111,29,3,68
9,4,17,110,30,3,60
9,4,18,98,28,3,70
9,4,19,116,32,3,68
9,4,20,112,32,3,82
9,4,21,117,29,3,85
9,4,22,107,28,3,82
9,4,23,115,32,3,78
9,4,24,101,26,3,78
9,4,25,112,31,3,78
9,4,26,98,18,3,40
9,4,27,103,26,3,80
9,4,28,102,26,3,80
9,4,29,104,27,3,70
9,4,30,102,27,3,82
9,4,31,86,22,3,85
9,4,32,98,28,3,78
9,4,33,89,18,3,70
9,4,34,88,21,3,68
9,4,35,110,26,3,70
9,4,36,108,28,3,78
9,4,37,110,26,3,70
9,4,38,106,28,3,80
9,4,39,100,28,3,78
9,4,40,110,29,3,78
9,5,1,116,30,3,70
9,5,2,117,30,3,72
9,5,3,118,34,3,78
9,5,4,110,28,3,72
9,5,5,106,24,3,80
9,5,6,117,28,3,72
9,5,7,116,27,3,78
9,5,8,92,24,3,62
9,5,9,98,26,3,60
9,5,10,114,29,3,80
9,5,11,116,27,3,82
9,5,12,117,28,3,80
9,5,13,106,28,3,70
9,5,14,100,25,3,78
9,5,15,92,17,3,70
9,5,16,98,25,3,68
9,5,17,91,17,3,68
9,5,18,106,27,3,82
9,5,19,107,27,3,80
9,5,20,112,31,3,82
9,5,21,88,16,3,60
9,5,22,105,27,3,72
9,5,23,109,26,3,75
9,5,24,113,31,3,78
9,5,25,99,26,3,72
9,5,26,85,22,3,68
9,5,27,97,25,3,68
9,5,28,103,23,3,75
9,5,29,112,25,3,80
9,5,30,92,21,3,68
9,5,31,110,24,3,72
9,5,32,103,26,3,70
9,5,33,112,28,3,80
9,5,34,109,26,3,82
9,5,35,107,27,3,80
9,5,36,117,29,3,85
9,5,37,96,22,3,68
9,5,38,92,20,3,72
9,5,39,94,22,NA,70
9,5,40,96,22,3,68
9,6,1,88,23,3,60
9,6,2,106,29,3,80
9,6,3,102,26,3,72
9,6,4,107,30,3,75
9,6,5,94,26,3,68
9,6,6,111,28,3,70
9,6,7,117,30,3,72
9,6,8,90,22,3,72
9,6,9,106,28,3,70
9,6,10,108,30,3,72
9,6,11,112,32,3,78
9,6,12,116,32,3,80
9,6,13,98,27,3,68
9,6,14,110,30,3,78
9,6,15,111,29,3,80
9,6,16,99,24,3,82
9,6,17,103,25,3,80
9,6,18,107,28,3,82
9,6,19,94,24,3,85
9,6,20,109,30,3,78
9,6,21,88,24,3,80
9,6,22,111,30,3,82
9,6,23,108,28,3,80
9,6,24,112,30,3,78
9,6,25,110,26,3,78
9,6,26,88,20,3,68
9,6,27,89,18,3,68
9,6,28,99,29,3,68
9,6,29,87,23,3,60
9,6,30,102,27,3,82
9,6,31,104,27,3,80
9,6,32,103,26,3,78
9,6,33,102,26,3,80
9,6,34,97,17,3,82
9,6,35,112,30,3,80
9,6,36,101,25,3,78
9,6,37,115,32,3,78
9,6,38,117,28,3,80
9,6,39,117,29,3,82
9,6,40,112,32,3,78
9,7,1,112,30,3,70
9,7,2,110,30,3,72
9,7,3,102,26,3,70
9,7,4,105,26,3,68
9,7,5,105,24,3,70
9,7,6,98,26,3,72
9,7,7,92,21,3,70
9,7,8,105,30,3,72
9,7,9,97,19,3,72
9,7,10,100,26,3,72
9,7,11,96,19,3,68
9,7,12,126,32,3,70
9,7,13,105,27,3,70
9,7,14,98,18,3,72
9,7,15,110,28,3,72
9,7,16,110,28,3,70
9,7,17,100,27,3,70
9,7,18,111,28,3,72
9,7,19,90,23,3,70
9,7,20,105,28,3,72
9,7,21,106,29,3,78
9,7,22,112,30,3,78
9,7,23,109,29,3,80
9,7,24,108,27,3,82
9,7,25,102,25,3,68
9,7,26,114,28,3,72
9,7,27,112,30,3,70
9,7,28,108,27,3,70
9,7,29,107,28,3,72
9,7,30,106,27,3,72
9,7,31,92,22,3,70
9,7,32,90,20,3,68
9,7,33,111,29,3,70
9,7,34,104,24,3,72
9,7,35,108,28,3,70
9,7,36,109,28,3,72
9,7,37,110,29,3,80
9,7,38,95,19,3,72
9,7,39,96,18,3,68
9,7,40,98,19,3,68
10,1,1,109,26,3,70
10,1,2,108,28,3,78
10,1,3,105,25,3,70
10,1,4,111,29,3,78
10,1,5,83,20,3,70
10,1,6,102,18,3,78
10,1,7,101,26,3,70
10,1,8,110,29,3,78
10,1,9,106,27,3,78
10,1,10,82,15,3,60
10,1,11,108,28,3,80
10,1,12,102,25,3,78
10,1,13,115,32,3,78
10,1,14,97,22,3,78
10,1,15,92,21,3,68
10,1,16,110,31,3,78
10,1,17,100,22,3,68
10,1,18,89,20,3,68
10,1,19,92,22,3,78
10,1,20,87,21,3,70
10,1,21,112,30,3,70
10,1,22,102,26,3,68
10,1,23,92,24,3,78
10,1,24,105,25,3,68
10,1,25,96,22,3,70
10,1,26,100,29,3,78
10,1,27,98,24,3,85
10,1,28,112,32,3,78
10,1,29,116,30,3,85
10,1,30,94,26,3,70
10,1,31,105,27,3,70
10,1,32,94,21,3,72
10,1,33,98,21,3,100
10,1,34,107,29,3,80
10,1,35,96,22,3,82
10,1,36,117,28,3,80
10,1,37,112,30,3,68
10,1,38,93,22,3,82
10,1,39,102,26,3,78
10,1,40,98,28,3,85
10,2,1,90,21,3,70
10,2,2,106,26,3,80
10,2,3,91,21,3,80
10,2,4,111,30,3,72
10,2,5,108,28,3,78
10,2,6,109,23,3,82
10,2,7,93,22,3,68
10,2,8,98,26,3,70
10,2,9,108,27,3,82
10,2,10,90,20,3,70
10,2,11,107,29,3,70
10,2,12,90,20,3,60
10,2,13,112,28,3,68
10,2,14,110,30,3,70
10,2,15,95,23,3,70
10,2,16,104,26,3,70
10,2,17,84,20,3,82
10,2,18,83,16,3,60
10,2,19,112,28,3,70
10,2,20,112,30,3,82
10,2,21,97,22,3,68
10,2,22,105,29,3,70
10,2,23,92,23,3,85
10,2,24,88,22,3,82
10,2,25,92,22,3,70
10,2,26,102,24,3,70
10,2,27,87,20,3,82
10,2,28,91,21,3,60
10,2,29,92,17,3,50
10,2,30,89,21,3,60
10,2,31,118,28,3,78
10,2,32,102,24,3,70
10,2,33,88,20,3,50
10,2,34,98,27,3,80
10,2,35,85,19,3,95
10,2,36,121,35,3,80
10,2,37,86,21,3,78
10,2,38,104,27,3,78
10,2,39,83,20,3,72
10,2,40,104,27,3,78
10,3,1,102,26,3,80
10,3,2,96,25,3,80
10,3,3,102,27,3,70
10,3,4,97,22,3,82
10,3,5,110,30,3,70
10,3,6,115,30,3,78
10,3,7,92,21,3,85
10,3,8,85,18,3,50
10,3,9,108,28,3,78
10,3,10,93,22,3,78
10,3,11,83,20,3,85
10,3,12,82,20,3,60
10,3,13,122,27,3,70
10,3,14,72,16,3,55
10,3,15,97,23,3,78
10,3,16,111,28,3,70
10,3,17,88,18,3,50
10,3,18,86,20,3,50
10,3,19,90,22,3,68
10,3,20,95,27,3,78
10,3,21,110,28,3,85
10,3,22,95,25,3,68
10,3,23,106,28,3,78
10,3,24,110,28,3,80
10,3,25,88,19,3,78
10,3,26,102,27,3,78
10,3,27,87,22,3,68
10,3,28,86,21,3,68
10,3,29,100,26,3,78
10,3,30,112,30,3,78
10,3,31,88,20,3,82
10,3,32,95,22,3,78
10,3,33,90,22,3,60
10,3,34,110,28,3,70
10,3,35,87,21,3,70
10,3,36,86,23,3,68
10,3,37,110,26,3,80
10,3,38,92,22,3,82
10,3,39,80,18,3,60
10,3,40,105,27,3,78
10,4,1,94,21,3,62
10,4,2,91,22,3,50
10,4,3,85,22,3,78
10,4,4,104,25,3,70
10,4,5,106,26,3,82
10,4,6,111,28,3,70
10,4,7,88,20,3,70
10,4,8,48,7,3,40
10,4,9,110,26,3,85
10,4,10,111,31,3,78
10,4,11,102,26,3,78
10,4,12,113,32,3,72
10,4,13,78,18,3,60
10,4,14,94,21,3,70
10,4,15,108,28,3,82
10,4,16,86,18,3,70
10,4,17,102,27,3,68
10,4,18,117,34,3,72
10,4,19,114,28,3,78
10,4,20,76,18,3,82
10,4,21,97,26,3,70
10,4,22,106,25,3,70
10,4,23,98,24,3,85
10,4,24,112,28,3,78
10,4,25,120,32,3,70
10,4,26,114,28,3,72
10,4,27,113,30,3,78
10,4,28,90,20,3,85
10,4,29,97,23,3,82
10,4,30,109,28,3,85
10,4,31,87,20,3,70
10,4,32,92,22,3,78
10,4,33,108,30,3,92
10,4,34,103,26,3,70
10,4,35,114,32,3,78
10,4,36,111,28,3,78
10,4,37,102,25,3,68
10,4,38,107,31,3,78
10,4,39,112,30,3,78
10,4,40,110,28,3,70
10,5,1,108,27,3,72
10,5,2,109,28,3,78
10,5,3,111,29,3,78
10,5,4,106,26,3,80
10,5,5,110,28,3,78
10,5,6,101,26,3,70
10,5,7,102,19,3,82
10,5,8,84,21,3,70
10,5,9,108,28,3,82
10,5,10,104,25,3,78
10,5,11,92,23,3,80
10,5,12,90,23,3,78
10,5,13,110,29,3,72
10,5,14,99,21,3,70
10,5,15,98,23,3,78
10,5,16,92,21,3,72
10,5,17,88,20,3,68
10,5,18,114,31,3,70
10,5,19,103,26,3,78
10,5,20,95,25,3,72
10,5,21,115,29,3,78
10,5,22,113,31,3,72
10,5,23,98,23,3,70
10,5,24,100,29,3,72
10,5,25,97,23,3,68
10,5,26,104,26,3,70
10,5,27,91,23,3,68
10,5,28,102,26,3,70
10,5,29,113,29,3,68
10,5,30,112,30,3,72
10,5,31,116,30,3,80
10,5,32,98,22,3,68
10,5,33,85,19,3,72
10,5,34,107,29,3,78
10,5,35,108,30,3,80
10,5,36,96,23,3,80
10,5,37,117,27,3,80
10,5,38,112,29,3,72
10,5,39,97,25,3,68
10,5,40,82,16,3,60
10,6,1,94,23,3,68
10,6,2,108,28,3,78
10,6,3,86,17,3,70
10,6,4,92,21,3,60
10,6,5,114,30,3,78
10,6,6,108,28,3,80
10,6,7,110,30,3,78
10,6,8,98,23,3,80
10,6,9,104,29,3,78
10,6,10,96,25,3,68
10,6,11,90,20,3,60
10,6,12,88,20,3,60
10,6,13,111,28,3,78
10,6,14,98,24,3,78
10,6,15,123,28,3,80
10,6,16,108,29,3,78
10,6,17,95,27,3,80
10,6,18,99,28,3,78
10,6,19,100,28,3,80
10,6,20,110,28,3,80
10,6,21,104,25,3,78
10,6,22,100,27,3,70
10,6,23,92,23,3,70
10,6,24,95,24,3,72
10,6,25,106,27,3,70
10,6,26,112,30,3,72
10,6,27,111,29,3,80
10,6,28,110,29,3,68
10,6,29,106,28,3,70
10,6,30,99,26,3,72
10,6,31,98,24,3,78
10,6,32,106,28,3,72
10,6,33,100,24,3,68
10,6,34,95,23,3,78
10,6,35,90,22,3,82
10,6,36,88,22,3,70
10,6,37,87,21,3,60
10,6,38,112,28,3,72
10,6,39,92,22,3,60
10,6,40,80,17,3,60
10,7,1,111,27,3,70
10,7,2,96,21,3,68
10,7,3,96,22,3,80
10,7,4,95,21,3,70
10,7,5,108,26,3,70
10,7,6,106,26,3,82
10,7,7,87,20,3,70
10,7,8,88,18,3,85
10,7,9,115,30,3,80
10,7,10,88,21,3,70
10,7,11,122,32,3,82
10,7,12,86,20,3,78
10,7,13,110,29,3,80
10,7,14,102,27,3,68
10,7,15,95,21,3,72
10,7,16,85,18,3,82
10,7,17,110,28,3,78
10,7,18,108,28,3,72
10,7,19,115,29,3,78
10,7,20,102,22,3,78
10,7,21,85,16,3,50
10,7,22,100,23,3,80
10,7,23,92,21,3,78
10,7,24,107,30,3,85
10,7,25,102,24,3,68
10,7,26,108,26,3,78
10,7,27,108,26,3,68
10,7,28,98,25,3,68
10,7,29,120,32,3,72
10,7,30,106,28,3,70
10,7,31,102,25,3,78
10,7,32,96,26,3,78
10,7,33,104,26,3,68
10,7,34,98,25,3,70
10,7,35,87,20,3,70
10,7,36,97,22,3,82
10,7,37,96,24,3,68
10,7,38,108,26,3,70
10,7,39,99,24,3,85
10,7,40,90,16,3,50
10,8,1,120,32,3,78
10,8,2,103,24,3,82
10,8,3,112,27,3,85
10,8,4,102,26,3,70
10,8,5,96,26,3,72
10,8,6,104,28,3,70
10,8,7,102,25,3,82
10,8,8,108,28,3,78
10,8,9,109,27,3,78
10,8,10,105,25,3,82
10,8,11,102,26,3,72
10,8,12,90,20,3,80
10,8,13,97,25,3,70
10,8,14,110,28,3,68
10,8,15,111,32,3,75
10,8,16,116,31,3,78
10,8,17,103,27,3,80
10,8,18,112,31,3,70
10,8,19,116,32,3,78
10,8,20,97,28,3,78
10,8,21,107,25,3,80
10,8,22,87,21,3,68
10,8,23,102,27,3,78
10,8,24,109,26,3,68
10,8,25,117,28,3,70
10,8,26,112,32,3,70
10,8,27,112,29,3,82
10,8,28,109,27,3,80
10,8,29,92,22,3,80
10,8,30,90,22,3,85
10,8,31,102,26,3,70
10,8,32,93,22,3,85
10,8,33,96,24,3,70
10,8,34,101,25,3,78
10,8,35,76,17,3,60
10,8,36,90,22,3,85
10,8,37,109,28,3,78
10,8,38,83,20,3,60
10,8,39,86,21,3,60
10,8,40,96,23,3,60
10,9,1,76,18,3,70
10,9,2,106,26,3,85
10,9,3,97,21,3,70
10,9,4,112,30,3,85
10,9,5,101,25,3,92
10,9,6,113,27,3,70
10,9,7,112,31,3,70
10,9,8,119,32,3,72
10,9,9,97,23,3,78
10,9,10,94,23,3,68
10,9,11,105,27,3,70
10,9,12,107,27,3,70
10,9,13,97,23,3,70
10,9,14,102,30,3,78
10,9,15,106,30,3,70
10,9,16,104,29,3,70
10,9,17,83,20,3,70
10,9,18,108,31,3,82
10,9,19,112,30,3,78
10,9,20,97,23,3,78
10,9,21,122,32,3,78
10,9,22,82,19,3,80
10,9,23,100,25,3,78
10,9,24,98,24,3,80
10,9,25,95,22,3,80
10,9,26,98,22,3,82
10,9,27,112,29,3,78
10,9,28,95,22,3,68
10,9,29,102,27,3,78
10,9,30,81,16,3,68
10,9,31,108,27,3,78
10,9,32,87,21,3,70
10,9,33,107,25,3,70
10,9,34,80,20,3,60
10,9,35,103,24,3,80
10,9,36,85,21,3,78
10,9,37,84,20,3,70
10,9,38,110,27,3,82
10,9,39,104,26,3,78
10,9,40,94,22,3,68
10,10,1,110,28,3,70
10,10,2,105,27,3,82
10,10,3,97,25,3,70
10,10,4,107,28,3,70
10,10,5,106,26,3,68
10,10,6,102,25,3,85
10,10,7,98,28,3,68
10,10,8,111,28,3,70
10,10,9,117,32,3,80
10,10,10,115,32,3,68
10,10,11,99,25,3,82
10,10,12,108,32,3,82
10,10,13,103,25,3,78
10,10,14,97,26,3,78
10,10,15,112,30,3,78
10,10,16,95,25,3,80
10,10,17,99,26,3,80
10,10,18,102,28,3,78
10,10,19,100,25,3,78
10,10,20,110,28,3,78
10,10,21,93,22,3,82
10,10,22,88,20,3,80
10,10,23,102,25,3,78
10,10,24,105,29,3,78
10,10,25,94,22,3,68
10,10,26,108,28,3,82
10,10,27,106,28,3,80
10,10,28,112,30,3,70
10,10,29,99,23,3,80
10,10,30,110,28,3,78
10,10,31,102,26,3,82
10,10,32,100,26,3,70
10,10,33,96,22,3,88
10,10,34,102,26,3,80
10,10,35,101,28,3,70
10,10,36,111,28,3,78
10,10,37,110,29,3,78
10,10,38,86,22,3,65
10,10,39,98,25,3,70
10,10,40,105,26,3,82
10,11,1,111,27,3,80
10,11,2,117,32,3,85
10,11,3,112,31,3,85
10,11,4,110,29,3,85
10,11,5,113,32,3,82
10,11,6,87,19,3,68
10,11,7,107,28,3,70
10,11,8,99,23,3,80
10,11,9,100,24,3,82
10,11,10,119,33,3,78
10,11,11,117,32,3,70
10,11,12,92,22,3,68
10,11,13,104,26,3,70
10,11,14,86,22,3,80
10,11,15,111,29,3,70
10,11,16,105,26,3,82
10,11,17,102,28,3,82
10,11,18,112,30,3,78
10,11,19,108,29,3,90
10,11,20,89,21,3,60
10,11,21,95,22,3,70
10,11,22,102,26,3,78
10,11,23,84,21,3,80
10,11,24,96,26,3,62
10,11,25,92,24,3,68
10,11,26,102,26,3,80
10,11,27,110,28,3,78
10,11,28,87,21,3,60
10,11,29,102,27,3,70
10,11,30,80,20,3,45
10,11,31,86,21,3,82
10,11,32,84,20,3,80
10,11,33,95,22,3,82
10,11,34,82,18,3,95
10,11,35,107,24,3,70
10,11,36,105,27,3,70
10,11,37,113,26,3,72
10,11,38,107,31,3,70
10,11,39,93,24,3,80
10,11,40,102,24,3,70
10,12,1,90,22,3,70
10,12,2,98,27,3,78
10,12,3,90,22,3,78
10,12,4,109,30,3,70
10,12,5,97,22,3,70
10,12,6,107,29,3,70
10,12,7,86,NA,3,NA
10,12,8,96,25,3,80
10,12,9,88,22,3,60
10,12,10,92,22,3,70
10,12,11,87,22,3,68
10,12,12,82,19,3,60
10,12,13,112,31,3,78
10,12,14,102,27,3,70
10,12,15,111,29,3,82
10,12,16,85,20,3,60
10,12,17,96,23,3,78
10,12,18,88,21,3,82
10,12,19,110,30,3,70
10,12,20,116,27,3,78
10,12,21,92,22,3,80
10,12,22,99,26,3,80
10,12,23,100,26,3,78
10,12,24,95,21,3,60
10,12,25,91,18,3,60
10,12,26,92,22,3,70
10,12,27,111,28,3,68
10,12,28,110,28,3,70
10,12,29,84,20,3,80
10,12,30,117,28,3,70
10,12,31,104,26,3,70
10,12,32,99,28,3,72
10,12,33,100,25,3,78
10,12,34,107,27,3,70
10,12,35,85,18,3,60
10,12,36,107,25,3,82
10,12,37,94,22,3,60
10,12,38,93,22,3,60
10,12,39,87,20,3,70
10,12,40,102,24,3,80
10,13,1,98,26,3,82
10,13,2,98,24,3,70
10,13,3,106,28,3,68
10,13,4,99,24,3,68
10,13,5,100,25,3,70
10,13,6,104,28,3,70
10,13,7,102,26,3,72
10,13,8,99,25,3,80
10,13,9,100,25,3,82
10,13,10,90,22,3,82
10,13,11,112,28,3,70
10,13,12,110,26,3,68
10,13,13,112,28,3,85
10,13,14,100,22,3,85
10,13,15,98,24,3,60
10,13,16,118,32,3,80
10,13,17,102,24,3,78
10,13,18,107,28,3,78
10,13,19,112,28,3,78
10,13,20,90,22,3,72
10,13,21,102,26,3,78
10,13,22,87,20,3,60
10,13,23,90,23,3,60
10,13,24,110,29,3,78
10,13,25,107,24,3,70
10,13,26,105,25,3,70
10,13,27,112,26,3,70
10,13,28,82,22,3,70
10,13,29,108,28,3,72
10,13,30,101,26,3,70
10,13,31,95,21,3,60
10,13,32,87,21,3,60
10,13,33,94,22,3,60
10,13,34,96,24,3,68
10,13,35,106,26,3,78
10,13,36,110,28,3,78
10,13,37,93,21,3,60
10,13,38,101,23,3,68
10,13,39,95,25,3,60
10,13,40,93,20,3,66
10,14,1,111,28,3,70
10,14,2,103,27,3,78
10,14,3,90,22,3,60
10,14,4,96,22,3,78
10,14,5,96,25,3,70
10,14,6,110,27,3,70
10,14,7,92,21,3,70
10,14,8,101,25,3,68
10,14,9,96,25,3,68
10,14,10,102,26,3,82
10,14,11,95,23,3,70
10,14,12,79,16,3,68
10,14,13,94,22,3,95
10,14,14,105,28,3,68
10,14,15,109,28,3,78
10,14,16,104,26,3,70
10,14,17,99,26,3,60
10,14,18,115,22,3,78
10,14,19,90,22,3,50
10,14,20,85,20,3,60
10,14,21,89,23,3,80
10,14,22,106,28,3,85
10,14,23,100,22,3,72
10,14,24,101,27,3,70
10,14,25,109,32,3,85
10,14,26,96,23,3,70
10,14,27,82,17,3,60
10,14,28,102,26,3,70
10,14,29,97,26,3,70
10,14,30,102,26,3,70
10,14,31,89,22,3,70
10,14,32,89,21,3,68
10,14,33,94,19,3,60
10,14,34,95,26,3,80
10,14,35,95,22,3,60
10,14,36,113,28,3,70
10,14,37,108,28,3,85
10,14,38,91,23,3,78
10,14,39,100,27,3,70
10,14,40,104,23,3,82
10,15,1,87,22,3,78
10,15,2,102,27,3,80
10,15,3,108,28,3,68
10,15,4,116,29,3,70
10,15,5,92,22,3,60
10,15,6,110,29,3,78
10,15,7,92,22,3,68
10,15,8,112,27,3,78
10,15,9,97,28,3,78
10,15,10,98,28,3,68
10,15,11,102,25,3,70
10,15,12,94,22,3,78
10,15,13,94,22,3,55
10,15,14,92,22,3,70
10,15,15,91,21,3,70
10,15,16,108,26,3,82
10,15,17,107,28,3,70
10,15,18,100,23,3,60
10,15,19,124,35,3,78
10,15,20,97,24,3,78
10,15,21,92,22,3,60
10,15,22,105,27,3,78
10,15,23,99,23,3,75
10,15,24,100,24,3,80
10,15,25,108,30,3,60
10,15,26,102,22,3,82
10,15,27,102,28,3,78
10,15,28,112,28,3,78
10,15,29,103,26,3,68
10,15,30,100,23,3,78
10,15,31,83,20,3,80
10,15,32,85,20,3,80
10,15,33,92,22,3,70
10,15,34,87,22,3,60
10,15,35,86,21,3,78
10,15,36,111,26,3,82
10,15,37,94,26,3,68
10,15,38,108,27,3,68
10,15,39,91,17,3,40
10,15,40,87,21,3,78
10,16,1,82,20,3,60
10,16,2,97,22,3,68
10,16,3,106,26,3,70
10,16,4,102,30,3,70
10,16,5,106,27,3,70
10,16,6,100,27,3,68
10,16,7,97,22,3,70
10,16,8,106,27,3,68
10,16,9,107,25,3,90
10,16,10,95,23,3,68
10,16,11,112,31,3,78
10,16,12,88,22,3,78
10,16,13,88,22,3,55
10,16,14,91,23,3,78
10,16,15,100,22,3,78
10,16,16,82,19,3,60
10,16,17,90,21,3,78
10,16,18,108,28,3,78
10,16,19,100,27,3,70
10,16,20,90,22,3,70
10,16,21,102,22,3,60
10,16,22,89,21,3,78
10,16,23,97,24,3,78
10,16,24,107,29,3,82
10,16,25,90,21,3,60
10,16,26,85,19,3,50
10,16,27,105,27,3,78
10,16,28,92,22,3,80
10,16,29,102,26,3,78
10,16,30,86,20,3,60
10,16,31,91,22,3,78
10,16,32,50,5,NA,NA
10,16,33,96,22,3,70
10,16,34,87,22,3,60
10,16,35,95,25,3,68
10,16,36,82,17,3,50
10,16,37,75,18,3,82
10,16,38,86,20,3,70
10,16,39,107,28,3,80
10,16,40,88,22,3,60
10,17,1,86,19,3,60
10,17,2,90,20,3,68
10,17,3,107,26,3,70
10,17,4,106,28,3,78
10,17,5,102,26,3,82
10,17,6,104,27,3,70
10,17,7,112,28,3,80
10,17,8,96,23,3,80
10,17,9,85,22,3,60
10,17,10,92,24,3,70
10,17,11,122,32,3,72
10,17,12,91,22,3,80
10,17,13,110,29,3,82
10,17,14,112,30,3,80
10,17,15,90,23,3,80
10,17,16,117,27,3,78
10,17,17,122,31,3,78
10,17,18,115,26,3,92
10,17,19,83,18,3,70
10,17,20,85,20,3,70
10,17,21,92,25,3,82
10,17,22,112,28,3,78
10,17,23,85,20,3,70
10,17,24,102,26,3,72
10,17,25,68,10,3,NA
10,17,26,126,36,3,70
10,17,27,102,27,3,78
10,17,28,102,26,3,78
10,17,29,110,27,3,78
10,17,30,105,28,3,70
10,17,31,122,32,3,78
10,17,32,103,27,3,70
10,17,33,83,19,3,78
10,17,34,102,27,3,70
10,17,35,106,26,3,78
10,17,36,102,26,3,90
10,17,37,109,29,3,78
10,17,38,108,28,3,70
10,17,39,92,22,3,80
10,17,40,87,22,3,82
11,1,1,90,22,3,70
11,1,2,78,16,3,40
11,1,3,92,20,3,60
11,1,4,111,28,3,72
11,1,5,110,30,3,82
11,1,6,78,18,3,68
11,1,7,72,15,3,40
11,1,8,98,22,3,70
11,1,9,92,NA,NA,NA
11,1,10,100,24,3,80
11,1,11,89,20,3,68
11,1,12,86,20,3,50
11,1,13,96,25,3,70
11,1,14,67,14,3,70
11,1,15,88,20,3,55
11,1,16,106,25,3,70
11,1,17,85,20,3,55
11,1,18,100,25,3,78
11,1,19,92,22,3,78
11,1,20,106,26,3,82
11,1,21,102,25,3,70
11,1,22,82,18,3,70
11,1,23,88,22,3,60
11,1,24,87,22,3,82
11,1,25,100,28,3,60
11,1,26,85,20,3,78
11,1,27,85,18,3,50
11,1,28,83,18,3,70
11,1,29,98,24,3,68
11,1,30,118,30,3,82
11,1,31,112,32,3,80
11,1,32,99,22,3,70
11,1,33,94,24,3,70
11,1,34,94,21,3,82
11,1,35,113,28,3,78
11,1,36,85,20,3,85
11,1,37,105,27,3,82
11,1,38,100,22,3,82
11,1,39,106,32,3,78
11,1,40,91,22,3,62
11,2,1,96,23,3,80
11,2,2,92,22,3,78
11,2,3,109,28,3,78
11,2,4,94,21,3,58
11,2,5,82,17,3,80
11,2,6,106,28,3,90
11,2,7,98,24,3,78
11,2,8,104,27,3,80
11,2,9,105,26,3,78
11,2,10,118,32,3,82
11,2,11,96,24,3,82
11,2,12,100,24,3,70
11,2,13,88,18,3,58
11,2,14,95,22,3,68
11,2,15,84,20,3,88
11,2,16,108,26,3,78
11,2,17,94,25,3,78
11,2,18,85,18,3,45
11,2,19,86,20,3,80
11,2,20,82,20,3,82
11,2,21,88,22,3,78
11,2,22,98,23,3,78
11,2,23,86,20,3,78
11,2,24,92,25,3,70
11,2,25,112,28,3,78
11,2,26,90,21,3,78
11,2,27,87,20,3,55
11,2,28,80,18,3,90
11,2,29,100,24,3,70
11,2,30,81,18,3,70
11,2,31,93,22,3,100
11,2,32,118,30,3,78
11,2,33,110,32,3,80
11,2,34,108,28,3,78
11,2,35,88,22,3,80
11,2,36,98,24,3,80
11,2,37,92,24,3,62
11,2,38,102,28,3,78
11,2,39,102,26,3,80
11,2,40,82,18,3,60
11,3,1,98,27,3,82
11,3,2,100,28,3,78
11,3,3,115,32,3,82
11,3,4,105,28,3,70
11,3,5,114,30,3,78
11,3,6,108,26,3,70
11,3,7,100,26,3,70
11,3,8,96,22,3,85
11,3,9,100,25,3,80
11,3,10,86,22,3,68
11,3,11,98,18,3,50
11,3,12,95,23,3,70
11,3,13,95,22,3,82
11,3,14,100,25,3,78
11,3,15,94,22,3,78
11,3,16,86,18,3,68
11,3,17,98,28,3,70
11,3,18,111,30,3,80
11,3,19,108,27,3,78
11,3,20,112,27,3,70
11,3,21,86,21,3,62
11,3,22,100,25,3,82
11,3,23,92,21,3,78
11,3,24,104,25,3,82
11,3,25,102,24,3,80
11,3,26,106,28,3,78
11,3,27,102,25,3,82
11,3,28,82,18,3,45
11,3,29,102,28,3,82
11,3,30,118,32,3,78
11,3,31,95,22,3,62
11,3,32,108,28,3,78
11,3,33,100,22,3,82
11,3,34,100,22,3,60
11,3,35,88,18,3,80
11,3,36,114,31,3,80
11,3,37,92,22,3,45
11,3,38,87,21,3,70
11,3,39,97,22,3,60
11,3,40,102,24,3,78
11,4,1,83,19,3,60
11,4,2,102,28,3,78
11,4,3,103,29,3,80
11,4,4,105,28,3,82
11,4,5,102,24,3,78
11,4,6,104,25,3,80
11,4,7,94,22,3,78
11,4,8,100,25,3,82
11,4,9,85,22,3,78
11,4,10,98,26,3,78
11,4,11,86,23,3,80
11,4,12,100,25,3,78
11,4,13,98,24,3,80
11,4,14,100,26,3,78
11,4,15,107,25,3,78
11,4,16,115,31,3,80
11,4,17,104,27,3,78
11,4,18,114,30,3,80
11,4,19,102,23,3,80
11,4,20,108,27,3,78
11,4,21,100,22,3,72
11,4,22,102,24,3,80
11,4,23,106,29,3,72
11,4,24,98,20,3,70
11,4,25,113,30,3,78
11,4,26,89,19,3,80
11,4,27,100,22,3,78
11,4,28,99,21,3,80
11,4,29,107,27,3,80
11,4,30,96,23,3,82
11,4,31,117,31,3,85
11,4,32,102,27,3,78
11,4,33,102,25,3,82
11,4,34,100,23,3,80
11,4,35,105,27,3,78
11,4,36,102,25,3,80
11,4,37,93,22,3,70
11,4,38,100,25,3,70
11,4,39,87,22,3,60
11,4,40,113,28,3,78
11,5,1,91,22,3,60
11,5,2,92,22,3,60
11,5,3,98,23,3,68
11,5,4,79,19,3,68
11,5,5,73,15,3,70
11,5,6,110,30,3,80
11,5,7,111,29,3,80
11,5,8,92,20,3,80
11,5,9,100,23,3,82
11,5,10,105,25,3,78
11,5,11,93,23,3,70
11,5,12,100,25,3,78
11,5,13,86,21,3,50
11,5,14,107,26,3,82
11,5,15,89,21,3,58
11,5,16,71,19,3,62
11,5,17,97,26,3,68
11,5,18,87,21,3,50
11,5,19,89,21,3,62
11,5,20,100,24,3,68
11,5,21,117,29,3,70
11,5,22,98,24,3,70
11,5,23,84,19,3,72
11,5,24,85,18,3,68
11,5,25,85,20,3,60
11,5,26,99,27,3,68
11,5,27,88,23,3,60
11,5,28,102,25,3,68
11,5,29,105,25,3,70
11,5,30,117,29,3,62
11,5,31,103,23,3,68
11,5,32,100,22,3,70
11,5,33,102,22,3,78
11,5,34,104,26,3,72
11,5,35,112,28,3,70
11,5,36,108,28,3,68
11,5,37,105,27,3,78
11,5,38,93,21,3,60
11,5,39,100,25,3,68
11,5,40,88,22,3,70
11,6,1,108,28,3,78
11,6,2,97,24,3,70
11,6,3,103,26,3,70
11,6,4,105,26,3,78
11,6,5,98,24,3,70
11,6,6,105,28,3,72
11,6,7,84,19,3,68
11,6,8,97,24,3,68
11,6,9,93,22,3,60
11,6,10,95,24,3,60
11,6,11,98,27,3,68
11,6,12,108,27,3,78
11,6,13,106,24,3,70
11,6,14,98,26,3,68
11,6,15,100,24,3,78
11,6,16,102,26,3,72
11,6,17,94,22,3,70
11,6,18,96,24,3,68
11,6,19,100,24,3,78
11,6,20,118,33,3,68
11,6,21,114,28,3,70
11,6,22,88,23,3,60
11,6,23,102,26,3,78
11,6,24,100,24,3,68
11,6,25,96,23,3,78
11,6,26,108,28,3,80
11,6,27,100,22,3,72
11,6,28,107,30,3,78
11,6,29,114,31,3,80
11,6,30,100,22,3,80
11,6,31,102,25,3,78
11,6,32,94,24,3,68
11,6,33,96,26,3,80
11,6,34,99,21,3,60
11,6,35,92,22,3,68
11,6,36,100,25,3,72
11,6,37,102,25,3,78
11,6,38,100,24,3,80
11,6,39,92,22,3,60
11,6,40,93,21,3,60
11,7,1,84,20,3,70
11,7,2,87,21,3,68
11,7,3,99,25,3,78
11,7,4,112,28,3,82
11,7,5,112,27,3,78
11,7,6,99,23,3,82
11,7,7,101,26,3,70
11,7,8,94,24,3,70
11,7,9,82,19,3,40
11,7,10,90,21,3,70
11,7,11,82,19,3,50
11,7,12,87,19,3,62
11,7,13,86,20,3,55
11,7,14,89,22,3,68
11,7,15,103,23,3,70
11,7,16,95,24,3,70
11,7,17,100,25,3,70
11,7,18,92,22,3,70
11,7,19,90,21,3,70
11,7,20,108,28,3,82
11,7,21,92,22,3,80
11,7,22,94,24,3,78
11,7,23,88,22,3,60
11,7,24,85,18,3,68
11,7,25,81,19,3,62
11,7,26,102,25,3,70
11,7,27,92,17,3,60
11,7,28,80,17,3,68
11,7,29,86,18,3,55
11,7,30,107,27,3,78
11,7,31,108,30,3,82
11,7,32,90,22,3,58
11,7,33,102,26,3,82
11,7,34,91,22,3,70
11,7,35,89,20,3,70
11,7,36,68,10,3,40
11,7,37,62,26,3,70
11,7,38,88,20,3,68
11,7,39,107,28,3,78
11,7,40,109,28,3,92
11,8,1,63,20,3,70
11,8,2,98,25,3,68
11,8,3,100,25,3,82
11,8,4,82,18,3,78
11,8,5,92,22,3,70
11,8,6,94,22,3,82
11,8,7,100,25,3,78
11,8,8,116,30,3,78
11,8,9,106,30,3,70
11,8,10,102,26,3,70
11,8,11,100,27,3,78
11,8,12,90,20,3,70
11,8,13,92,22,3,72
11,8,14,82,18,3,68
11,8,15,104,27,3,72
11,8,16,85,20,3,78
11,8,17,102,24,3,80
11,8,18,92,17,3,78
11,8,19,108,30,3,85
11,8,20,106,28,3,78
11,8,21,87,21,3,60
11,8,22,96,25,3,82
11,8,23,95,22,3,60
11,8,24,107,27,3,80
11,8,25,90,22,3,80
11,8,26,97,20,3,70
11,8,27,68,16,3,50
11,8,28,94,24,3,70
11,8,29,104,28,3,80
11,8,30,85,18,3,60
11,8,31,109,27,3,82
11,8,32,93,22,3,62
11,8,33,82,18,3,58
11,8,34,92,25,3,85
11,8,35,94,22,3,80
11,8,36,85,21,3,68
11,8,37,89,20,3,55
11,8,38,100,26,3,70
11,8,39,96,21,3,92
11,8,40,94,23,3,60
11,9,1,92,21,3,68
11,9,2,99,26,3,78
11,9,3,88,22,3,70
11,9,4,108,24,3,68
11,9,5,94,24,3,78
11,9,6,104,18,3,62
11,9,7,95,21,3,50
11,9,8,102,22,3,80
11,9,9,126,35,3,78
11,9,10,103,26,3,85
11,9,11,112,28,3,85
11,9,12,102,26,3,68
11,9,13,105,23,3,90
11,9,14,99,25,3,50
11,9,15,104,26,3,78
11,9,16,86,18,3,70
11,9,17,98,25,3,90
11,9,18,93,23,3,70
11,9,19,86,20,3,68
11,9,20,103,27,3,78
11,9,21,105,26,3,82
11,9,22,92,22,3,78
11,9,23,95,22,3,80
11,9,24,110,24,3,70
11,9,25,85,20,3,68
11,9,26,90,20,3,78
11,9,27,92,21,3,68
11,9,28,94,22,3,60
11,9,29,82,15,3,50
11,9,30,102,25,3,70
11,9,31,96,26,3,70
11,9,32,115,27,3,78
11,9,33,102,26,3,70
11,9,34,94,23,3,68
11,9,35,92,22,3,60
11,9,36,90,20,3,58
11,9,37,82,15,3,58
11,9,38,86,20,3,60
11,9,39,92,22,3,60
11,9,40,98,28,3,68
11,10,1,98,22,3,60
11,10,2,90,20,3,60
11,10,3,108,29,3,80
11,10,4,107,28,3,70
11,10,5,102,26,3,82
11,10,6,104,28,3,80
11,10,7,68,10,3,58
11,10,8,89,20,3,58
11,10,9,91,22,3,70
11,10,10,102,25,3,78
11,10,11,90,22,3,60
11,10,12,109,30,3,80
11,10,13,107,27,3,82
11,10,14,86,18,3,68
11,10,15,82,19,3,68
11,10,16,93,17,3,70
11,10,17,102,25,3,70
11,10,18,85,18,3,60
11,10,19,81,19,3,62
11,10,20,102,25,3,70
11,10,21,94,24,3,60
11,10,22,92,22,3,60
11,10,23,108,27,3,82
11,10,24,90,20,3,70
11,10,25,92,21,3,68
11,10,26,100,25,3,70
11,10,27,95,24,3,68
11,10,28,96,24,3,70
11,10,29,104,24,3,70
11,10,30,87,19,3,60
11,10,31,86,20,3,60
11,10,32,82,19,3,60
11,10,33,90,20,3,68
11,10,34,111,26,3,80
11,10,35,112,27,3,78
11,10,36,99,24,3,68
11,10,37,101,26,3,70
11,10,38,87,21,3,68
11,10,39,84,20,3,72
11,10,40,99,25,3,78
12,2,1,92,22,3,82
12,2,2,87,21,3,50
12,2,3,89,22,3,70
12,2,4,111,28,3,70
12,2,5,92,22,3,60
12,2,6,95,24,3,50
12,2,7,89,21,3,68
12,2,8,83,18,3,78
12,2,9,85,20,3,55
12,2,10,93,22,3,68
12,2,11,90,18,3,50
12,2,12,94,23,3,70
12,2,13,82,18,3,85
12,2,14,92,23,3,92
12,2,15,92,22,3,82
12,2,16,90,22,3,58
12,2,17,78,16,3,55
12,2,18,78,18,3,40
12,2,19,87,15,3,45
12,2,20,95,22,3,55
12,2,21,95,22,3,70
12,2,22,88,18,3,55
12,2,23,82,20,3,50
12,2,24,85,18,3,55
12,2,25,88,20,3,68
12,2,26,93,22,3,82
12,2,27,85,18,3,85
12,2,28,82,20,3,58
12,2,29,87,22,3,82
12,2,30,102,24,3,70
12,2,31,86,20,3,85
12,2,32,92,22,3,70
12,2,33,72,15,3,50
12,2,34,83,18,3,78
12,2,35,82,20,3,55
12,2,36,87,20,3,68
12,2,37,85,20,3,50
12,2,38,87,22,3,78
12,2,39,87,20,3,78
12,2,40,84,18,3,78
12,1,1,98,22,3,78
12,1,2,94,23,3,55
12,1,3,88,20,3,50
12,1,4,85,18,3,82
12,1,5,98,25,3,60
12,1,6,90,18,3,82
12,1,7,91,22,3,65
12,1,8,100,24,3,65
12,1,9,102,27,3,60
12,1,10,88,21,3,70
12,1,11,85,21,3,65
12,1,12,101,22,3,68
12,1,13,89,18,3,50
12,1,14,90,20,3,90
12,1,15,86,21,3,85
12,1,16,96,23,3,78
12,1,17,105,26,3,78
12,1,18,86,22,3,78
12,1,19,80,20,3,45
12,1,20,84,19,3,90
12,1,21,85,20,3,70
12,1,22,88,22,3,55
12,1,23,86,22,3,80
12,1,24,107,27,3,78
12,1,25,98,24,3,85
12,1,26,80,17,3,70
12,1,27,86,22,3,70
12,1,28,83,18,3,68
12,1,29,90,20,3,60
12,1,30,108,28,3,70
12,1,31,101,26,3,70
12,1,32,102,24,3,60
12,1,33,92,22,3,60
12,1,34,120,30,3,78
12,1,35,82,20,3,50
12,1,36,83,21,3,50
12,1,37,91,16,3,60
12,1,38,98,23,3,70
12,1,39,92,22,3,80
12,1,40,90,22,3,50
12,3,1,107,27,3,70
12,3,2,90,20,3,60
12,3,3,84,19,3,68
12,3,4,85,23,3,70
12,3,5,81,18,3,60
12,3,6,98,24,3,78
12,3,7,106,26,3,70
12,3,8,85,23,3,70
12,3,9,87,21,3,60
12,3,10,85,20,3,60
12,3,11,84,19,3,62
12,3,12,80,19,3,60
12,3,13,86,23,3,60
12,3,14,91,21,3,60
12,3,15,90,19,3,68
12,3,16,102,23,3,70
12,3,17,86,22,3,65
12,3,18,87,22,3,70
12,3,19,88,21,3,60
12,3,20,101,26,3,70
12,3,21,100,24,3,68
12,3,22,92,23,3,70
12,3,23,90,17,3,60
12,3,24,98,25,3,78
12,3,25,85,18,3,78
12,3,26,87,19,3,70
12,3,27,88,20,3,60
12,3,28,94,23,3,68
12,3,29,98,22,3,78
12,3,30,98,23,3,70
12,3,31,85,21,3,60
12,3,32,106,26,3,68
12,3,33,100,20,3,70
12,3,34,102,22,3,68
12,3,35,93,23,3,70
12,3,36,118,28,3,68
12,3,37,83,20,3,70
12,3,38,91,18,3,62
12,3,39,90,20,3,60
12,3,40,98,23,3,50
12,4,1,93,22,3,70
12,4,2,86,21,3,78
12,4,3,83,18,3,60
12,4,4,89,21,3,60
12,4,5,95,23,3,60
12,4,6,92,22,3,68
12,4,7,110,27,3,78
12,4,8,90,23,3,68
12,4,9,88,22,3,68
12,4,10,93,23,3,68
12,4,11,95,22,3,60
12,4,12,88,16,3,55
12,4,13,78,18,3,50
12,4,14,80,20,3,60
12,4,15,90,22,3,70
12,4,16,92,22,3,70
12,4,17,92,22,3,60
12,4,18,80,16,3,50
12,4,19,94,23,3,68
12,4,20,90,18,3,68
12,4,21,92,21,3,60
12,4,22,100,22,3,78
12,4,23,102,24,3,80
12,4,24,87,22,3,68
12,4,25,82,20,3,60
12,4,26,85,18,3,60
12,4,27,93,22,3,82
12,4,28,88,20,3,60
12,4,29,85,17,3,68
12,4,30,82,20,3,68
12,4,31,87,17,3,68
12,4,32,84,18,3,70
12,4,33,87,22,3,60
12,4,34,83,18,3,60
12,4,35,72,14,3,60
12,4,36,92,21,3,68
12,4,37,85,19,3,68
12,4,38,87,22,3,60
12,4,39,86,20,3,60
12,4,40,100,22,3,78
